{
    "default":{
        "area": "ontario",
        "delay": "inertial",
        "cell_type": "zhong",
        "state": {
            "population": 1,
            "age_group_proportions": [0.216, 0.279, 0.268, 0.193, 0.044],
            "susceptible": [[1], [1], [1], [1], [1]],
            "vaccinatedD1": [
                [0, 0, 0, 0, 0, 0, 0, 0, 0, 0, 0, 0, 0, 0, 0, 0, 0, 0, 0, 0, 0, 0, 0, 0, 0, 0, 0, 0,  0, 0, 0],
                [0, 0, 0, 0, 0, 0, 0, 0, 0, 0, 0, 0, 0, 0, 0, 0, 0, 0, 0, 0, 0, 0, 0, 0, 0, 0, 0, 0,  0, 0, 0],
                [0, 0, 0, 0, 0, 0, 0, 0, 0, 0, 0, 0, 0, 0, 0, 0, 0, 0, 0, 0, 0, 0, 0, 0, 0, 0, 0, 0,  0, 0, 0],
                [0, 0, 0, 0, 0, 0, 0, 0, 0, 0, 0, 0, 0, 0, 0, 0, 0, 0, 0, 0, 0, 0, 0, 0, 0, 0, 0, 0,  0, 0, 0],
                [0, 0, 0, 0, 0, 0, 0, 0, 0, 0, 0, 0, 0, 0, 0, 0, 0, 0, 0, 0, 0, 0, 0, 0, 0, 0, 0, 0,  0, 0, 0]
            ],
            "vaccinatedD2": [
                [0, 0, 0, 0, 0, 0, 0, 0, 0, 0, 0, 0, 0, 0],
                [0, 0, 0, 0, 0, 0, 0, 0, 0, 0, 0, 0, 0, 0],
                [0, 0, 0, 0, 0, 0, 0, 0, 0, 0, 0, 0, 0, 0],
                [0, 0, 0, 0, 0, 0, 0, 0, 0, 0, 0, 0, 0, 0],
                [0, 0, 0, 0, 0, 0, 0, 0, 0, 0, 0, 0, 0, 0]
            ],
            "exposed": [
                [0, 0, 0, 0, 0, 0, 0, 0, 0, 0, 0, 0, 0, 0],
                [0, 0, 0, 0, 0, 0, 0, 0, 0, 0, 0, 0, 0, 0],
                [0, 0, 0, 0, 0, 0, 0, 0, 0, 0, 0, 0, 0, 0],
                [0, 0, 0, 0, 0, 0, 0, 0, 0, 0, 0, 0, 0, 0],
                [0, 0, 0, 0, 0, 0, 0, 0, 0, 0, 0, 0, 0, 0]
            ],
            "exposedD1": [
                [0, 0, 0, 0, 0, 0, 0, 0, 0, 0, 0, 0, 0, 0],
                [0, 0, 0, 0, 0, 0, 0, 0, 0, 0, 0, 0, 0, 0],
                [0, 0, 0, 0, 0, 0, 0, 0, 0, 0, 0, 0, 0, 0],
                [0, 0, 0, 0, 0, 0, 0, 0, 0, 0, 0, 0, 0, 0],
                [0, 0, 0, 0, 0, 0, 0, 0, 0, 0, 0, 0, 0, 0]
            ],
            "exposedD2": [
                [0, 0, 0, 0, 0, 0, 0, 0, 0, 0, 0, 0, 0, 0],
                [0, 0, 0, 0, 0, 0, 0, 0, 0, 0, 0, 0, 0, 0],
                [0, 0, 0, 0, 0, 0, 0, 0, 0, 0, 0, 0, 0, 0],
                [0, 0, 0, 0, 0, 0, 0, 0, 0, 0, 0, 0, 0, 0],
                [0, 0, 0, 0, 0, 0, 0, 0, 0, 0, 0, 0, 0, 0]
            ],
            "infected": [
                [0, 0, 0, 0, 0, 0, 0, 0, 0, 0, 0, 0],
                [0, 0, 0, 0, 0, 0, 0, 0, 0, 0, 0, 0],
                [0, 0, 0, 0, 0, 0, 0, 0, 0, 0, 0, 0],
                [0, 0, 0, 0, 0, 0, 0, 0, 0, 0, 0, 0],
                [0, 0, 0, 0, 0, 0, 0, 0, 0, 0, 0, 0]
            ],
            "infectedD1": [
                [0, 0, 0, 0, 0, 0, 0, 0, 0, 0, 0, 0],
                [0, 0, 0, 0, 0, 0, 0, 0, 0, 0, 0, 0],
                [0, 0, 0, 0, 0, 0, 0, 0, 0, 0, 0, 0],
                [0, 0, 0, 0, 0, 0, 0, 0, 0, 0, 0, 0],
                [0, 0, 0, 0, 0, 0, 0, 0, 0, 0, 0, 0]
            ],
            "infectedD2": [
                [0, 0, 0, 0, 0, 0, 0, 0, 0, 0, 0, 0],
                [0, 0, 0, 0, 0, 0, 0, 0, 0, 0, 0, 0],
                [0, 0, 0, 0, 0, 0, 0, 0, 0, 0, 0, 0],
                [0, 0, 0, 0, 0, 0, 0, 0, 0, 0, 0, 0],
                [0, 0, 0, 0, 0, 0, 0, 0, 0, 0, 0, 0]
            ],
            "recovered": [
                [0, 0, 0, 0, 0, 0, 0, 0, 0, 0, 0, 0, 0, 0, 0, 0, 0, 0, 0, 0, 0, 0, 0, 0, 0, 0, 0, 0, 0, 0, 0, 0, 0, 0, 0, 0],
                [0, 0, 0, 0, 0, 0, 0, 0, 0, 0, 0, 0, 0, 0, 0, 0, 0, 0, 0, 0, 0, 0, 0, 0, 0, 0, 0, 0, 0, 0, 0, 0, 0, 0, 0, 0],
                [0, 0, 0, 0, 0, 0, 0, 0, 0, 0, 0, 0, 0, 0, 0, 0, 0, 0, 0, 0, 0, 0, 0, 0, 0, 0, 0, 0, 0, 0, 0, 0, 0, 0, 0, 0],
                [0, 0, 0, 0, 0, 0, 0, 0, 0, 0, 0, 0, 0, 0, 0, 0, 0, 0, 0, 0, 0, 0, 0, 0, 0, 0, 0, 0, 0, 0, 0, 0, 0, 0, 0, 0],
                [0, 0, 0, 0, 0, 0, 0, 0, 0, 0, 0, 0, 0, 0, 0, 0, 0, 0, 0, 0, 0, 0, 0, 0, 0, 0, 0, 0, 0, 0, 0, 0, 0, 0, 0, 0]
            ],
            "recoveredD1": [
                [0, 0, 0, 0, 0, 0, 0, 0, 0, 0, 0, 0, 0, 0, 0, 0, 0, 0, 0, 0, 0, 0, 0, 0, 0, 0, 0, 0, 0, 0, 0, 0, 0, 0, 0, 0],
                [0, 0, 0, 0, 0, 0, 0, 0, 0, 0, 0, 0, 0, 0, 0, 0, 0, 0, 0, 0, 0, 0, 0, 0, 0, 0, 0, 0, 0, 0, 0, 0, 0, 0, 0, 0],
                [0, 0, 0, 0, 0, 0, 0, 0, 0, 0, 0, 0, 0, 0, 0, 0, 0, 0, 0, 0, 0, 0, 0, 0, 0, 0, 0, 0, 0, 0, 0, 0, 0, 0, 0, 0],
                [0, 0, 0, 0, 0, 0, 0, 0, 0, 0, 0, 0, 0, 0, 0, 0, 0, 0, 0, 0, 0, 0, 0, 0, 0, 0, 0, 0, 0, 0, 0, 0, 0, 0, 0, 0],
                [0, 0, 0, 0, 0, 0, 0, 0, 0, 0, 0, 0, 0, 0, 0, 0, 0, 0, 0, 0, 0, 0, 0, 0, 0, 0, 0, 0, 0, 0, 0, 0, 0, 0, 0, 0]
            ],
            "recoveredD2": [
                [0, 0, 0, 0, 0, 0, 0, 0, 0, 0, 0, 0, 0, 0, 0, 0, 0, 0, 0, 0, 0, 0, 0, 0, 0, 0, 0, 0, 0, 0, 0, 0, 0, 0, 0, 0],
                [0, 0, 0, 0, 0, 0, 0, 0, 0, 0, 0, 0, 0, 0, 0, 0, 0, 0, 0, 0, 0, 0, 0, 0, 0, 0, 0, 0, 0, 0, 0, 0, 0, 0, 0, 0],
                [0, 0, 0, 0, 0, 0, 0, 0, 0, 0, 0, 0, 0, 0, 0, 0, 0, 0, 0, 0, 0, 0, 0, 0, 0, 0, 0, 0, 0, 0, 0, 0, 0, 0, 0, 0],
                [0, 0, 0, 0, 0, 0, 0, 0, 0, 0, 0, 0, 0, 0, 0, 0, 0, 0, 0, 0, 0, 0, 0, 0, 0, 0, 0, 0, 0, 0, 0, 0, 0, 0, 0, 0],
                [0, 0, 0, 0, 0, 0, 0, 0, 0, 0, 0, 0, 0, 0, 0, 0, 0, 0, 0, 0, 0, 0, 0, 0, 0, 0, 0, 0, 0, 0, 0, 0, 0, 0, 0, 0]
            ],
            "fatalities": [0, 0, 0, 0, 0],
            "disobedient": 0,
            "hospital_capacity": 1,
            "fatality_modifier": 0,
            "immunityD1": [
                [0.05, 0.1, 0.15, 0.2, 0.25],
                [0.05, 0.1, 0.15, 0.2, 0.25],
                [0.05, 0.1, 0.15, 0.2, 0.25],
                [0.05, 0.1, 0.15, 0.2, 0.25],
                [0.05, 0.1, 0.15, 0.2, 0.25]
            ],
            "immunityD2": [
                [0.3, 0.5],
                [0.3, 0.5],
                [0.3, 0.5],
                [0.3, 0.5],
                [0.3, 0.5]
            ],
            "min_interval_between_doses": 14,
            "min_interval_between_recoverie_and_vaccine": 25
        },
        "config": {
            "precision": 10000000000,
            "virulence_rates": [
                [0.30, 0.30, 0.30, 0.30, 0.30, 0.30, 0.30, 0.30, 0.30, 0.30, 0.30, 0.30],
                [0.30, 0.30, 0.30, 0.30, 0.30, 0.30, 0.30, 0.30, 0.30, 0.30, 0.30, 0.30],
                [0.30, 0.30, 0.30, 0.30, 0.30, 0.30, 0.30, 0.30, 0.30, 0.30, 0.30, 0.30],
                [0.30, 0.30, 0.30, 0.30, 0.30, 0.30, 0.30, 0.30, 0.30, 0.30, 0.30, 0.30],
                [0.30, 0.30, 0.30, 0.30, 0.30, 0.30, 0.30, 0.30, 0.30, 0.30, 0.30, 0.30]
            ],
            "incubation_rates": [
                [0, 0, 0, 0, 0, 0.1418, 0.1061, 0.0757, 0.0527, 0.0362, 0.0247, 0.0169, 0.0116, 1],
                [0, 0, 0, 0, 0, 0.1418, 0.1061, 0.0757, 0.0527, 0.0362, 0.0247, 0.0169, 0.0116, 1],
                [0, 0, 0, 0, 0, 0.1418, 0.1061, 0.0757, 0.0527, 0.0362, 0.0247, 0.0169, 0.0116, 1],
                [0, 0, 0, 0, 0, 0.1418, 0.1061, 0.0757, 0.0527, 0.0362, 0.0247, 0.0169, 0.0116, 1],
                [0, 0, 0, 0, 0, 0.1418, 0.1061, 0.0757, 0.0527, 0.0362, 0.0247, 0.0169, 0.0116, 1]
            ],
            "incubation_rates_dose1": [
                [0, 0, 0, 0, 0, 0.1418, 0.1061, 0.0757, 0.0527, 0.0362, 0.0247, 0.0169, 0.0116, 1],
                [0, 0, 0, 0, 0, 0.1418, 0.1061, 0.0757, 0.0527, 0.0362, 0.0247, 0.0169, 0.0116, 1],
                [0, 0, 0, 0, 0, 0.1418, 0.1061, 0.0757, 0.0527, 0.0362, 0.0247, 0.0169, 0.0116, 1],
                [0, 0, 0, 0, 0, 0.1418, 0.1061, 0.0757, 0.0527, 0.0362, 0.0247, 0.0169, 0.0116, 1],
                [0, 0, 0, 0, 0, 0.1418, 0.1061, 0.0757, 0.0527, 0.0362, 0.0247, 0.0169, 0.0116, 1]
            ],
            "incubation_rates_dose2": [
                [0, 0, 0, 0, 0, 0.1418, 0.1061, 0.0757, 0.0527, 0.0362, 0.0247, 0.0169, 0.0116, 1],
                [0, 0, 0, 0, 0, 0.1418, 0.1061, 0.0757, 0.0527, 0.0362, 0.0247, 0.0169, 0.0116, 1],
                [0, 0, 0, 0, 0, 0.1418, 0.1061, 0.0757, 0.0527, 0.0362, 0.0247, 0.0169, 0.0116, 1],
                [0, 0, 0, 0, 0, 0.1418, 0.1061, 0.0757, 0.0527, 0.0362, 0.0247, 0.0169, 0.0116, 1],
                [0, 0, 0, 0, 0, 0.1418, 0.1061, 0.0757, 0.0527, 0.0362, 0.0247, 0.0169, 0.0116, 1]
            ],
            "mobility_rates": [
                [1, 1, 1, 1, 1, 1, 1, 1, 1, 1, 1, 1],
                [1, 1, 1, 1, 1, 1, 1, 1, 1, 1, 1, 1],
                [1, 1, 1, 1, 1, 1, 1, 1, 1, 1, 1, 1],
                [1, 1, 1, 1, 1, 1, 1, 1, 1, 1, 1, 1],
                [1, 1, 1, 1, 1, 1, 1, 1, 1, 1, 1, 1]
            ],
            "recovery_rates": [
                [0, 0, 0, 0, 0, 0, 0.10, 0.20, 0.50, 0.60, 0.60, 1],
                [0, 0, 0, 0, 0, 0, 0.10, 0.20, 0.50, 0.60, 0.60, 1],
                [0, 0, 0, 0, 0, 0, 0.10, 0.20, 0.50, 0.60, 0.60, 1],
                [0, 0, 0, 0, 0, 0, 0.10, 0.20, 0.50, 0.60, 0.60, 1],
                [0, 0, 0, 0, 0, 0, 0.10, 0.20, 0.50, 0.60, 0.60, 1]
            ],
            "recovery_rates_dose1": [
                [0, 0, 0, 0, 0, 0, 0.10, 0.20, 0.50, 0.60, 0.60, 1],
                [0, 0, 0, 0, 0, 0, 0.10, 0.20, 0.50, 0.60, 0.60, 1],
                [0, 0, 0, 0, 0, 0, 0.10, 0.20, 0.50, 0.60, 0.60, 1],
                [0, 0, 0, 0, 0, 0, 0.10, 0.20, 0.50, 0.60, 0.60, 1],
                [0, 0, 0, 0, 0, 0, 0.10, 0.20, 0.50, 0.60, 0.60, 1]
            ],
            "recovery_rates_dose2": [
                [0, 0, 0, 0, 0, 0, 0.10, 0.20, 0.50, 0.60, 0.60, 1],
                [0, 0, 0, 0, 0, 0, 0.10, 0.20, 0.50, 0.60, 0.60, 1],
                [0, 0, 0, 0, 0, 0, 0.10, 0.20, 0.50, 0.60, 0.60, 1],
                [0, 0, 0, 0, 0, 0, 0.10, 0.20, 0.50, 0.60, 0.60, 1],
                [0, 0, 0, 0, 0, 0, 0.10, 0.20, 0.50, 0.60, 0.60, 1]
            ],
            "fatality_rates": [
                [0.005, 0.005, 0.005, 0.005, 0.005, 0.005, 0.005, 0.005, 0.005, 0.005, 0.005, 0],
                [0.005, 0.005, 0.005, 0.005, 0.005, 0.005, 0.005, 0.005, 0.005, 0.005, 0.005, 0],
                [0.005, 0.005, 0.005, 0.005, 0.005, 0.005, 0.005, 0.005, 0.005, 0.005, 0.005, 0],
                [0.005, 0.005, 0.005, 0.005, 0.005, 0.005, 0.005, 0.005, 0.005, 0.005, 0.005, 0],
                [0.005, 0.005, 0.005, 0.005, 0.005, 0.005, 0.005, 0.005, 0.005, 0.005, 0.005, 0]
            ],
            "fatality_rates_dose1": [
                [0.005, 0.005, 0.005, 0.005, 0.005, 0.005, 0.005, 0.005, 0.005, 0.005, 0.005, 0],
                [0.005, 0.005, 0.005, 0.005, 0.005, 0.005, 0.005, 0.005, 0.005, 0.005, 0.005, 0],
                [0.005, 0.005, 0.005, 0.005, 0.005, 0.005, 0.005, 0.005, 0.005, 0.005, 0.005, 0],
                [0.005, 0.005, 0.005, 0.005, 0.005, 0.005, 0.005, 0.005, 0.005, 0.005, 0.005, 0],
                [0.005, 0.005, 0.005, 0.005, 0.005, 0.005, 0.005, 0.005, 0.005, 0.005, 0.005, 0]
            ],
            "fatality_rates_dose2": [
                [0.005, 0.005, 0.005, 0.005, 0.005, 0.005, 0.005, 0.005, 0.005, 0.005, 0.005, 0],
                [0.005, 0.005, 0.005, 0.005, 0.005, 0.005, 0.005, 0.005, 0.005, 0.005, 0.005, 0],
                [0.005, 0.005, 0.005, 0.005, 0.005, 0.005, 0.005, 0.005, 0.005, 0.005, 0.005, 0],
                [0.005, 0.005, 0.005, 0.005, 0.005, 0.005, 0.005, 0.005, 0.005, 0.005, 0.005, 0],
                [0.005, 0.005, 0.005, 0.005, 0.005, 0.005, 0.005, 0.005, 0.005, 0.005, 0.005, 0]
            ],
            "vaccination_rates_dose1": [[0.1], [0.15], [0.25], [0.2], [0.1]],
            "vaccination_rates_dose2": [
                [0, 0, 0, 0, 0, 0, 0, 0, 0, 0, 0.08, 0.09, 0.10, 0.11, 0.12, 0.13, 0.14],
                [0, 0, 0, 0, 0, 0, 0, 0.05, 0.07, 0.1, 0.11, 0.11, 0.13, 0.14, 0.15, 0.15, 0.2],
                [0.008, 0.011, 0.015, 0.025, 0.038, 0.05, 0.079, 0.09, 0.12, 0.15, 0.21, 0.24, 0.32, 0.38, 0.39, 0.40, 0.45],
                [0.008, 0.011, 0.015, 0.025, 0.038, 0.05, 0.079, 0.09, 0.12, 0.15, 0.21, 0.24, 0.32, 0.38, 0.39, 0.40, 0.45],
                [0, 0, 0, 0, 0, 0, 0, 0, 0, 0, 0.09, 0.12, 0.15, 0.18, 0.23, 0.26, 0.36]
            ],
            "Re-Susceptibility": true,
            "Vaccinations": true
        },
        "neighborhood": {
            "default_cell_id": {
                "correlation": 1,
                "infection_correction_factors": {"0.001": [0.60, 0.0008], "0.005": [0.50, 0.003], "0.01": [0.40, 0.005], "0.03": [0.30, 0.015], "0.08": [0.20, 0.0005], "0.15": [0.1, 0.08], "0.20": [0.01, 0.12]} 
            }
        }
    }
}
