{
    "3895":
    {
        "cell_id": "3895",
        "state": {
            "susceptible": [[0.9999994], [0.9999994], [0.9999994], [0.9999994], [0.9999994]],
            "exposed": [
                [0.0000006, 0, 0, 0, 0, 0, 0, 0, 0, 0, 0, 0, 0, 0],
                [0.0000006, 0, 0, 0, 0, 0, 0, 0, 0, 0, 0, 0, 0, 0],
                [0.0000006, 0, 0, 0, 0, 0, 0, 0, 0, 0, 0, 0, 0, 0],
                [0.0000006, 0, 0, 0, 0, 0, 0, 0, 0, 0, 0, 0, 0, 0],
                [0.0000006, 0, 0, 0, 0, 0, 0, 0, 0, 0, 0, 0, 0, 0]
            ]
        }
    },
    "2268":
    {
        "cell_id": "2268",
        "state": {
            "susceptible": [[0.9999995], [0.9999995], [0.9999995], [0.9999995], [0.9999995]],
            "exposed": [
                [0.0000005, 0, 0, 0, 0, 0, 0, 0, 0, 0, 0, 0, 0, 0],
                [0.0000005, 0, 0, 0, 0, 0, 0, 0, 0, 0, 0, 0, 0, 0],
                [0.0000005, 0, 0, 0, 0, 0, 0, 0, 0, 0, 0, 0, 0, 0],
                [0.0000005, 0, 0, 0, 0, 0, 0, 0, 0, 0, 0, 0, 0, 0],
                [0.0000005, 0, 0, 0, 0, 0, 0, 0, 0, 0, 0, 0, 0, 0]
            ]
        }
    },
    "2251":
    {
        "cell_id": "2251",
        "state": {
            "susceptible": [[0.9999997], [0.9999997], [0.9999997], [0.9999997], [0.9999997]],
            "exposed": [
                [0.0000003, 0, 0, 0, 0, 0, 0, 0, 0, 0, 0, 0, 0, 0],
                [0.0000003, 0, 0, 0, 0, 0, 0, 0, 0, 0, 0, 0, 0, 0],
                [0.0000003, 0, 0, 0, 0, 0, 0, 0, 0, 0, 0, 0, 0, 0],
                [0.0000003, 0, 0, 0, 0, 0, 0, 0, 0, 0, 0, 0, 0, 0],
                [0.0000003, 0, 0, 0, 0, 0, 0, 0, 0, 0, 0, 0, 0, 0]
            ]
        }
    }
}