time,susceptible,exposed,infected,recovered,new_exposed,new_infected,new_recovered,deaths,error
0,0.9989503805560049,0.0010496194439950123,0.0,0.0,0.0,0.0,0.0,0.0,1.0
1,0.9989503805560049,0.0010138965927732873,3.565557654899093e-05,0.0,0.0,3.565557654899093e-05,0.0,0.0,0.9999999327253272
2,0.9989308709009121,0.0009096208500356724,0.00015950824905218395,0.0,1.957692976557804e-05,0.00012385267250319303,0.0,0.0,1.0
3,0.9988468448346675,0.0008361569074102043,0.00031491274306759724,2.0855148547522996e-06,8.40260662446975e-05,0.00015742273419743166,2.0855148547522996e-06,0.0,1.0
4,0.9987374562168021,0.0008175218230629015,0.000436612626043304,8.409334091743144e-06,0.00010716855366517462,0.00012802370221269763,6.323819236990844e-06,0.0,1.0000000000000002
5,0.9985899228594965,0.0008747725695594888,0.0005122293581962584,2.3075212747743188e-05,0.00014746608263280778,9.028261080895439e-05,1.4665878656000042e-05,0.0,1.0
6,0.9984154123584247,0.0009772318961332872,0.0005611380452738365,4.6150425495486376e-05,0.0001725595355625693,7.205117449805525e-05,2.3075212747743188e-05,0.0,0.9999999327253273
7,0.9982246886612239,0.001100411821909141,0.0006014355742414697,7.34639426254681e-05,0.0001899836758006611,6.761104609761487e-05,2.731351712998173e-05,0.0,0.9999999999999999
8,0.9980181554159308,0.0012319338071040036,0.0006449622875003321,0.00010494848946495443,0.00020518775183853271,7.501126009834884e-05,3.148454683948633e-05,0.0,1.0
9,0.9977933234596539,0.0013713942036814718,0.0006946109959779837,0.00014067134068667932,0.00022207369469475294,8.530428502664245e-05,3.565557654899093e-05,0.0,1.0
10,0.9975479054535205,0.0015177838915505365,0.0007558309481658738,0.00017841243209042255,0.0002427270192240741,9.896104359163332e-05,3.780836607647718e-05,0.0,0.9999999327253273
11,0.9972757794023116,0.0016805885995666838,0.0008253256851000391,0.000218306313021652,0.0002705787337359274,0.00010925406851992692,3.989388093122947e-05,0.0,1.0
12,0.9969723706282815,0.0018631047866938771,0.0009042388762169568,0.0002602857088076338,0.00029869954693871647,0.00012089258690289944,4.197939578598177e-05,0.0,0.9999999999999999
13,0.9966371409340483,0.001696330872986427,0.00134441705991516,0.0003219765837046615,0.0003320005099420193,0.0005018690585952308,6.169087489702771e-05,0.0,0.9999998654506546
14,0.9962047666123872,0.0019823827814511616,0.0013766416281547197,0.00043412346315214805,0.00042705962251508384,0.00014638968786906466,0.00011207960477475263,2.0855148547522996e-06,1.0
15,0.9957524117129242,0.002274153037098282,0.0014095389431216189,0.0005595907278009558,0.000447712947044405,0.00016051736914319314,0.00012553453932154164,4.171029709504599e-06,0.9999998654506546
16,0.9952819599264957,0.0025543520490351633,0.001458447630199197,0.0006987820256874883,0.0004699135890466069,0.00019018549981886294,0.00013919129788653251,6.323819236990844e-06,0.9999998654506547
17,0.9948024260592482,0.0027972808922774395,0.0015740927926288486,0.0008177236470811033,0.0004774483523928087,0.00023667229867801903,0.00011900889606634898,8.409334091743144e-06,0.9999999327253274
18,0.9942734453075411,0.0030535973953937706,0.0017273444971167757,0.0009351179510018376,0.0005240697005974328,0.0002725296992452118,0.00011739430392073429,1.0494848946495443e-05,1.0
19,0.9937059834430303,0.003307693834309881,0.001919413687772189,0.0010541941217409206,0.0005631562854558549,0.0003132981509219826,0.00011900889606634898,1.2580363801247743e-05,0.9999998654506544
20,0.9930692959402763,0.0036063933812485976,0.0021227850234469053,0.001184841536190242,0.0006329873957536899,0.00033825705450627624,0.00013064741444932147,1.6818668183486287e-05,1.0000001345493454
21,0.9923593463189149,0.003951781551064672,0.002329250994067383,0.0013364786485325544,0.0007071913597792314,0.000364225078181579,0.00015156983766957842,2.3075212747743188e-05,0.9999999327253272
22,0.9915734435920369,0.004346212957303793,0.0025441262987796038,0.0015047326050401512,0.0007840190360413968,0.00039153859531156077,0.00016825395650759683,3.148454683948633e-05,0.9999999999999999
23,0.9907134714504789,0.004780067321765005,0.0027760893703662466,0.0016883924616038215,0.0008551956397939108,0.0004261850517695425,0.00018365985656367025,4.197939578598177e-05,1.0
24,0.9898764399723232,0.005145166970692125,0.0030365096285193483,0.0018894091837328496,0.0008336004698463144,0.0004718645545558913,0.0002010167221290281,5.2474244732477217e-05,0.9999999999999999
25,0.9889526241663407,0.005550900521950548,0.003165542450823055,0.002267963767206759,0.0009230757845824614,0.0005202350442515979,0.00037855458347390935,6.296909367897266e-05,0.9999999999999999
26,0.9879617355116423,0.005977691045774697,0.0034863753650912397,0.002500734134866209,0.0009869194490069754,0.0005640308562013961,0.0002327030929867163,7.34639426254681e-05,0.9999999999999999
27,0.9868939519060093,0.006436840687183872,0.0038287361746342863,0.002756512440600669,0.0010632762025600032,0.0006087012388967357,0.00025577830573445947,8.395879157196355e-05,1.0
28,0.9857105904126191,0.006942208028761268,0.004205877989980783,0.0030439771171928164,0.0011797959357351961,0.0006780614264854332,0.0002875319512648816,9.734645144601863e-05,0.9999999999999999
29,0.9844094982419446,0.00751962654483672,0.004582817981309078,0.003376448549843973,0.0012986702824560772,0.0007238082039445158,0.00033233688330568903,0.00011167595673834895,1.0000000672746727
30,0.9830154997482246,0.008142455465007584,0.004970791018965739,0.003742490044189369,0.0013932584723200042,0.0007711022988764793,0.00036610876901812953,0.00012883099828550496,1.0000000672746727
31,0.9814908538400552,0.008843928477604429,0.00537255536453286,0.004145599883211168,0.0015245113588239312,0.0008231728955725529,0.0004031771136945333,0.00014699515992367014,0.9999999327253273
32,0.9798295057968903,0.009613887107044432,0.005805467883575797,0.004583827101400087,0.0016610789444738397,0.0008913221390520394,0.00043809266884345084,0.0001671775617438537,0.9999998654506546
33,0.9780823152713171,0.010391985971885242,0.00627753426214989,0.0050567680507197215,0.0017404630582998951,0.0009693607594234157,0.0004728736746469005,0.00019132916925534,0.9999999327253274
34,0.9761776347368736,0.011235273994605244,0.006808264155347983,0.00556287541369719,0.001898760363242868,0.0010613252370507188,0.0005062419123229373,0.00021601897414869788,1.0000000672746727
35,0.9741030183791042,0.012147787655568476,0.007393486533460572,0.006110558524424238,0.002071454448150905,0.0011621026968061685,0.0005477503853997814,0.00024508163276976217,0.9999999327253273
36,0.9718927762811032,0.013092593159444001,0.00802761759865074,0.006712397746702112,0.0022072820124007402,0.0012657056928164442,0.0006019737716233412,0.000274749763445432,1.0000001345493454
37,0.9695006234680296,0.014120079236109546,0.00870359351028142,0.007365365720257783,0.002389192727473328,0.0013644649123898756,0.0006528334242102038,0.00031040533999442295,1.0000000672746727
38,0.9668972954572441,0.015283594701043127,0.009395648068695514,0.00807316255209162,0.002598820607712301,0.0014396107218336922,0.0007078641065065709,0.00035023194625291847,0.9999999327253274
39,0.9641223497563143,0.016496960698472563,0.01015201721424326,0.008832693607257861,0.0027709764952384666,0.0015613106048093992,0.0007596656045117087,0.0003957768996937993,0.999999798175982
40,0.9611272813261991,0.017808547718093558,0.010951038502304326,0.009669657810740872,0.0029925792672240823,0.0016834814104942435,0.0008368969288102777,0.0004435419173349004,1.0000000672746727
41,0.9578868621646232,0.01922925425688901,0.011818881780572218,0.010568178339775443,0.003230395235338578,0.0018194435240895467,0.0008983859796891035,0.000496756183467451,0.9999999327253273
42,0.954385551822185,0.020759753061586263,0.012774989429467047,0.011525564207452217,0.003491488240219019,0.0019729643272684096,0.0009575204170222413,0.0005540742046367723,0.9999999327253274
43,0.9509623473747909,0.02204954308724146,0.01381014481882426,0.012561997815591376,0.0034172170015207438,0.0021359035846300247,0.001036433608139159,0.0006161014528974697,1.0000001345493454
44,0.9472771753517708,0.023436343190979005,0.014924213399298392,0.013680035601756811,0.003678108182382983,0.0022999192367553828,0.0011181050608381684,0.0006820979068494699,0.9999998654506544
45,0.9434688906776477,0.024769323556529395,0.016120693453871605,0.014888894196113072,0.0038042481937591304,0.002477457098100264,0.0012088585943562603,0.0007521981158382407,1.0
46,0.939373006777587,0.026230529448310683,0.017361911165812895,0.01620478679478904,0.004095009329315241,0.0026379071925707234,0.0013158925986759672,0.0008300349121914153,1.000000269098691
47,0.9349797688240421,0.02786187298743612,0.01861503649482809,0.01762905889123939,0.004391623361399206,0.0027645181266560083,0.0014241375471048848,0.0009141282531088468,0.9999998654506546
48,0.9302673798230474,0.029648015548522363,0.019912428558502223,0.019165881515173636,0.004717434601449702,0.0029295428988723757,0.0015365535252433074,0.0010063618294270855,1.0000000672746727
49,0.9254110902970749,0.03139547517278659,0.02126041117607228,0.020829516897211364,0.004854607659154216,0.003111453613944963,0.0016636353820377297,0.0011034391821821683,0.9999999327253273
50,0.9202256257974151,0.03327983875606439,0.02269161256381423,0.022594602485731884,0.0051866754437689695,0.0033049355727277894,0.0017648837645023172,0.001208185847628921,0.9999998654506546
51,0.9147885540217304,0.03519514868879981,0.024206032721728072,0.02449114278477453,0.005438686367830328,0.0035260674220042674,0.0018966748483881157,0.0013189199589489946,0.9999997981759817
52,0.9090016539478292,0.03723343672329288,0.025803604375141065,0.026523039725357876,0.005789389236792384,0.003752850343790396,0.0020316278418924098,0.0014383325030517472,1.0000000672746727
53,0.902876160446058,0.03938683172283373,0.02747410177379766,0.02869883719091913,0.006132893715771908,0.0039767404546489655,0.002175797465561254,0.001563934317046023,0.9999998654506546
54,0.8964665660013313,0.04157897693386933,0.02921974498189807,0.031036430244405524,0.006417129208072826,0.004222158460782398,0.002337794877504594,0.0016982145638229774,0.9999999327253273
55,0.889680906136022,0.04388239445360688,0.031053518011279944,0.033545035515981605,0.0067930600793101115,0.004486951572663206,0.002508336172885145,0.0018384149818005192,1.000000269098691
56,0.8826749217175089,0.0461205555407925,0.03298941399387195,0.03622606577377478,0.00700618624253125,0.004772398009073335,0.0026810975324659163,0.0019889084247063545,0.9999998654506544
57,0.8752809642613393,0.048578704807818125,0.03490445482791643,0.039083826596840045,0.007397253915133673,0.004941257437635537,0.0028576262737197884,0.0021521167807589054,1.000000067274673
58,0.8675129596247688,0.05111866007688822,0.03692161861517104,0.04212168171881407,0.007775270301225711,0.005233767714682731,0.0030379896713194953,0.0023252817883760804,1.0000002018240182
59,0.8593540891396141,0.05380379408971818,0.039006258899177804,0.04533108725625966,0.0081662706991554,0.005479051171470695,0.0032096746361365233,0.002504636065884778,0.9999998654506546
60,0.8508247370317136,0.05654927348399048,0.04120957170588724,0.04872065436728675,0.008537088695264906,0.005789725610156054,0.0033897016603725606,0.002695628861776448,0.9999998654506546
61,0.8424366617365544,0.058834459567417126,0.04352220585578934,0.05230747081876977,0.008391304479450447,0.006109011206951357,0.0035868837261557535,0.0028987310987602286,0.999999529077291
62,0.8336772975225766,0.06115361936057442,0.0459485342026118,0.056107547982819396,0.008766495329287659,0.006446730064075762,0.003800009889376892,0.0031126645580541743,0.9999996636266363
63,0.8245927275406028,0.06353009717490103,0.04840069602376411,0.06013561901276436,0.00908914465971966,0.006716770600429818,0.004027936480599498,0.003340994797313184,1.0000001345493452
64,0.8156916828658473,0.06543753597092658,0.05088858069613813,0.06439901684793267,0.008917123321538961,0.007003427980949158,0.0042637342085319755,0.0035831836191553865,1.0
65,0.8064356297430747,0.06744649224810764,0.05337861815803964,0.06890332528616123,0.00926701889442821,0.007257120771828865,0.0045042411635558294,0.003835800015271351,0.9999998654506547
66,0.797485070909187,0.06887937550266794,0.05588029413832413,0.0736567518375236,0.008959573640034081,0.0075289104496740035,0.004753493826035096,0.00409891126033381,1.0000004036480366
67,0.7882162355985949,0.0703811480221078,0.05835902945520634,0.07867133866843913,0.009281617498411476,0.007777624914771399,0.0050145868309155375,0.004372315530324564,1.0000000672746727
68,0.778779213606168,0.07185372333358113,0.06074640576651585,0.08395959886803636,0.009444220382409422,0.007975883375318335,0.005288596572960896,0.0046609911510259215,0.9999999327253272
69,0.7692667094309337,0.07319975498564191,0.06311205235853229,0.08946179252692753,0.009523537221562744,0.008178447414920244,0.00550232820823664,0.00495989252198284,1.0000002018240182
70,0.759623019643868,0.0745410774106113,0.06532888737446126,0.09523308487675448,0.009653444614611992,0.008315553197952024,0.005771023251136017,0.0052743343423413,1.0000004036480366
71,0.7497609562691081,0.07588186163819882,0.06750858677104107,0.10125120800084228,0.009874912837252139,0.008534532257701016,0.006018257673433266,0.0055969836727733,0.9999995963519637
72,0.7397387118985687,0.0771682206555446,0.06962282791105077,0.10754004440801147,0.010036170227795406,0.008748869365031366,0.006288769132496459,0.0059302624014972655,1.0000000672746727
73,0.7295131634670272,0.07844004834357983,0.07168156744605496,0.1140931357296796,0.01023846516870638,0.008966973854034815,0.006553225871013597,0.006272085013658441,1.0
74,0.7191700861822196,0.0796098876277504,0.07368305623456256,0.12091041469117393,0.010359021382245608,0.009187971153965826,0.006817009862803396,0.006626353440275396,0.9999997981759817
75,0.7086597640609953,0.08089947582938739,0.07548581563981409,0.1279640295779826,0.010524180703807444,0.009236274368988797,0.007053614886808681,0.006990914891820644,1.0
76,0.6980529027843978,0.08204489440735555,0.07728426946601065,0.13525680592636047,0.010621258056562527,0.009477050422703588,0.007292709073705122,0.007361463789239214,1.0000003363733636
77,0.6876120754001077,0.08280799102017668,0.07906994110438775,0.14276835951046912,0.010460202490037462,0.009695760383761643,0.0075116208587813794,0.007741027492804133,0.9999993945279454
78,0.677063944912807,0.08364212968740486,0.0806578924795998,0.15049673936479926,0.010569052910520986,0.00973336692581992,0.007728379854330151,0.008139428104734557,1.0000001345493454
79,0.666429904668425,0.0843562503384757,0.08224322014257521,0.1584278178080768,0.010649647968456251,0.009939832896440397,0.007931347541968463,0.008542739767774558,0.9999999327253273
80,0.6557805930733325,0.08513872205704422,0.08357862239634402,0.16654538164417282,0.010668686700839957,0.009886955003671516,0.008117698385441493,0.008956882653124724,1.0000002018240184
81,0.6451230739681663,0.08577251674887071,0.08489276585352891,0.17483913784815905,0.010678239704368177,0.010043368617777937,0.008293756203986227,0.0093722364825841,0.999999730901309
82,0.6344566746061993,0.08632013258492502,0.08615793334896349,0.18326885616574057,0.010682478008750418,0.010139369575769278,0.008429651042908796,0.009796672392862561,1.0000002690986909
83,0.6237980791062694,0.08679933007880891,0.08729359709938521,0.19188109067044928,0.010687523609205463,0.010199714957211626,0.008612301779381456,0.01022790304508715,1.0
84,0.6133181651371209,0.087029409459559,0.08833561450536129,0.20065054608533725,0.010505545619460141,0.010270286088909534,0.008769522689560686,0.010666062988603333,0.9999997981759817
85,0.6028654974104296,0.08713994174686088,0.08929959329096598,0.20958522809645977,0.010477021158220948,0.010363797884009719,0.00893448018710432,0.011109604905938235,0.9999998654506544
86,0.5925324440518593,0.08706398864134425,0.09016831113997942,0.21867672736972513,0.010357137691409057,0.010431745303471003,0.009091230174574413,0.01155920154381919,1.0000006727467272
87,0.5822357190165653,0.08689983843987344,0.09100877362644459,0.22784310335374336,0.010320943917478195,0.010482739505403333,0.009166443258690963,0.012012363739355044,0.9999997981759817
88,0.5722529648789207,0.08641095339311584,0.091705806510641,0.2371619237461767,0.010006502097119736,0.010494243474440838,0.009318685843087881,0.012467813273763853,0.9999994618026182
89,0.5623292106292638,0.08583871502684091,0.09227838125027961,0.24662740292517005,0.00994790585716847,0.010519269652697866,0.009465411904320615,0.01292615561910022,0.9999998654506547
90,0.5524975554065795,0.08518830349084913,0.09278408496522067,0.2561404452977863,0.009855335907486561,0.01050500742207827,0.009513109647288982,0.013389476290218902,0.9999998654506546
91,0.5427800653035249,0.08455154871342234,0.0930350194945183,0.26577808036430584,0.009743929049439147,0.010378194663974783,0.00963790416521045,0.013855218849556004,0.9999999327253273
92,0.5331635544842438,0.08385108482091651,0.09323812173150207,0.27542567208238994,0.009637096869137643,0.010338098959025351,0.00964745716873867,0.014321432331602244,0.9999998654506544
93,0.5236534049225551,0.08309289925920495,0.09330546367890875,0.28516415188333766,0.009533561147800101,0.01028945937063871,0.009738816174311368,0.014783743882629916,0.9999996636266364
94,0.5143526814170871,0.0821948496528795,0.09324592559353921,0.29496028607881836,0.009318484019069678,0.010220637380431883,0.009796201470153424,0.01524578633496665,0.9999995290772907
95,0.5051798470644865,0.08123288910745682,0.0930946921292333,0.3047821864739561,0.0091962459387121,0.010157870110771112,0.009821765845792323,0.015710048851503605,0.9999996636266364
96,0.49613416184335296,0.0802175124718834,0.092842412106481,0.31463052581547835,0.009070105927335953,0.01008400252010924,0.009848070242831295,0.016175724136167975,1.0000003363733638
97,0.48722625515197854,0.0791473069780318,0.09247563059073553,0.32451082062654923,0.008928829114594668,0.010001120123301021,0.009880429360416323,0.016639919378032195,0.9999999327253273
98,0.47821117990693895,0.07833637807289681,0.09194173878791895,0.3344086068525309,0.009043666980951513,0.009849281186940506,0.00989778622598168,0.017102365478405334,1.0000002690986909
99,0.46935420014282414,0.07746604563173777,0.09131413336598397,0.34430397119029416,0.00888059317424443,0.009750925615403479,0.009895162513745056,0.01756164966915998,1.0
100,0.46068949139338294,0.07652319109337152,0.09060007998958589,0.3541689946506544,0.00868603482069786,0.009631983994009862,0.009865023460360249,0.018018041048987063,0.9999997981759817
101,0.45237521641421286,0.07530262670595957,0.0898329468964007,0.3640172667175039,0.008335802874444942,0.009559529171475404,0.00984833934152223,0.018471875991250258,0.9999999327253272
102,0.4443052157717397,0.0740051673676127,0.08895245597965883,0.37381373728634826,0.008091461263075254,0.00939181341234968,0.009796470568844359,0.01892315449594956,0.9999997309013091
103,0.4364274188692675,0.07261412895949292,0.08808716913895483,0.38350061741330904,0.007900333917838115,0.00929359239015812,0.009686745577615294,0.019371069267012167,1.0000004036480366
104,0.4287047573621197,0.07120633915786237,0.08714862017964356,0.39313078499115506,0.00774661129064105,0.009154737465635256,0.009629965753827845,0.01980902738651015,0.9999995290772908
105,0.42113413661535065,0.06981765536328828,0.08612160502568715,0.4026854703861936,0.007594435980916866,0.00898426344492744,0.009554819944384028,0.020240863510789343,0.999999730901309
106,0.41374313924478123,0.0684236568695682,0.08500168354868516,0.412164337225061,0.007422683741427104,0.00881015659189199,0.009479203212231073,0.020667048562558885,0.9999998654506546
107,0.4065099682564457,0.06703571309639418,0.08381542924436751,0.4215486158740645,0.007255977102392388,0.008646208214439365,0.00938380772629434,0.021090206254055402,0.9999999327253273
108,0.3993672144282645,0.06575278508735785,0.08253815230784083,0.43083258798602164,0.007169596422602002,0.008450102543419914,0.009283837562611696,0.02150966383855155,1.0000004036480363
109,0.39228500780554393,0.06457278732760445,0.08120113546192641,0.44001611901158705,0.007105349110141085,0.008285952341949088,0.009183867398929055,0.02192454674530179,0.9999995963519637
110,0.385390497519751,0.06335282841224708,0.07986082215704801,0.44906395702224805,0.006922362000304754,0.008139091731370887,0.009047703461315549,0.02233209671272403,1.0000002018240182
111,0.3788269113491364,0.06194894054163512,0.0785034210852952,0.4579878750857332,0.006584844967198552,0.007990885627338006,0.008923850788812356,0.022732919212872873,1.0000000672746727
112,0.37238199770122443,0.060474212440634306,0.07723448620818753,0.4667839712710238,0.006472294439714661,0.007943524257733307,0.008796298009308796,0.023125332378929976,1.0
113,0.366136217084605,0.05894956653246491,0.07592733931696698,0.47547289890264915,0.006267443061239798,0.007794107209591216,0.008688793082279952,0.023514247262004913,1.0000002690986909
114,0.3600029869954694,0.05749105162759298,0.07460337375756293,0.48400554746951363,0.006156843499265192,0.007614685657409784,0.008532715841537199,0.023897040149861062,1.0
115,0.3540393563562961,0.05610384787581903,0.07316362848638377,0.49242093628180283,0.005983274843611614,0.007373909603694994,0.008415456086961932,0.024271961901007336,0.999999730901309
116,0.34821357152155463,0.054779545943051317,0.0716640087564714,0.5007019102979696,0.005843814447034146,0.00717329652960237,0.008280906741494043,0.024641098030298493,1.0000001345493454
117,0.3425677464363765,0.0534548403622472,0.0701464939636118,0.5088290944122666,0.005666276585689264,0.006993538604057268,0.00812758776233338,0.025001757550825173,0.9999999327253273
118,0.33710107380468884,0.052113787035968744,0.06864209773193532,0.5167909173809835,0.005483491299871136,0.006830599346695653,0.00796148659535327,0.025352258595769027,1.0000001345493454
119,0.3318040678976362,0.05075638596421593,0.0671457744609869,0.5245972685810123,0.005316179188781814,0.00667674217015312,0.007806216650683325,0.025696637645494094,1.0000001345493454
120,0.32667013579729065,0.04939851396975398,0.06566552983682192,0.532232473013606,0.0051512216912381805,0.006511515573918551,0.007635137157920903,0.026033280107854755,0.9999999327253273
121,0.3216743186000679,0.04806876278849482,0.06417613585716511,0.5397178567500212,0.00501223221736985,0.006345279857592973,0.007485585560433343,0.026362926004251087,1.0
122,0.31678008615867337,0.04677419626107551,0.06271338264791093,0.5470464232242934,0.00491367482181462,0.006208308623906661,0.007328364650254113,0.02668577715870129,0.9999998654506544
123,0.31207583739307954,0.045419217077541124,0.061274511947477316,0.5542290709334058,0.004723085673959354,0.006077392110766403,0.007182445885094186,0.02700156447251443,1.0000002018240182
124,0.30750553250089896,0.04409713520897363,0.05978653073594792,0.5612999754111071,0.004588872701855133,0.005910214549022549,0.007071173576392241,0.02731089341774511,1.0000000672746727
125,0.3030737461598776,0.042859684878705444,0.05823019845692083,0.5682235483555211,0.004452103292187023,0.00568598806480031,0.006923505669741231,0.02761262032495685,0.9999997981759818
126,0.2986716952242046,0.04172227198679264,0.05672095844880751,0.5749791364421184,0.004413151256674068,0.005556282495769264,0.006755453537251837,0.027906005172749587,1.0000000672746727
127,0.29440008987896277,0.04062313838366544,0.05524057927529704,0.5815437990074968,0.004285060279788636,0.005387423067207062,0.006564797114723836,0.028192662553268927,1.0000002690986909
128,0.29026525394338903,0.03951768096130125,0.053814356213337404,0.5879344892691851,0.004152192801139095,0.005256372004721337,0.006390622987015652,0.028468488711478102,1.0000002690986909
129,0.28626806198822896,0.038413165384355345,0.05241793583139891,0.5941631148442574,0.0040068795080337736,0.005116978882816602,0.006228692849745046,0.028737251029050212,0.999999529077291
130,0.28237682764262484,0.03732580484895659,0.05106618583215575,0.6002393632855874,0.003907783915096672,0.00499467352778629,0.006076248441329926,0.028992020214693662,1.0000002018240182
131,0.27859888384590464,0.036261721350323774,0.049736232826878383,0.6061696256870847,0.003792273302012488,0.004857702294099977,0.0059302624014972655,0.02923326719111759,0.9999997309013091
132,0.274958113106889,0.03521068913820135,0.048415765550456506,0.6119465691094212,0.0036545620469261024,0.00470734340053961,0.005777010697009338,0.0294689303697046,1.0000000672746727
133,0.27144812433166815,0.03416779716147973,0.04710310213607177,0.6175804193028528,0.003526471070040671,0.004568488476016748,0.005633581094740567,0.02970082616661851,1.0000002690986909
134,0.2680360202052752,0.03316251172681639,0.04580241361343368,0.6230698307739245,0.0034248863142124137,0.0044333336584942516,0.005489747844435392,0.02992935822989572,1.0000001345493454
135,0.2647528816265132,0.032154737129261896,0.04451275813712395,0.6284263074916739,0.0033001590709636794,0.004305982703008893,0.005356611267094915,0.030153382890099757,1.0000000672746727
136,0.2615842445407444,0.031146087960961855,0.043264140211181926,0.6336331653372631,0.0031811501748973303,0.004192288506088526,0.005206588746898217,0.030372496499194216,1.0000001345493454
137,0.2585327999348781,0.030168116043428492,0.04203637743378743,0.6386739220158721,0.0030657741111586147,0.004044015127382911,0.00504089122795451,0.03058878457203385,1.0
138,0.25559316583509567,0.029198015262605004,0.04082469330317634,0.6435838294560137,0.0029519453648927793,0.003924333484589222,0.004910109264159721,0.03080022886843664,0.9999999327253273
139,0.25274428526883125,0.028263368234312303,0.03963662258269487,0.6483468090109042,0.002862470050156632,0.0037979243745221397,0.004762912280217849,0.031008713079239136,0.9999997981759818
140,0.25000277508025026,0.02731755361034577,0.038472097997670276,0.6529925960858922,0.0027549651231277878,0.003701788867185332,0.00464612344835172,0.03121470812715048,0.999999730901309
141,0.24733903441334973,0.026406385442837216,0.0373389234101397,0.6574979136442118,0.002675042811919861,0.0035892383397014417,0.004505519382337775,0.03141754126544332,0.9999997981759817
142,0.24475817614325737,0.025535851177659965,0.036193706656189754,0.6618945153313933,0.0025971387408939527,0.0034655874912164503,0.004396601687181517,0.031617750691499545,0.9999999999999999
143,0.24228058449581164,0.02467769545226576,0.035076274342078925,0.666153271214143,0.0024907774833015854,0.003349605955423129,0.00425868860807693,0.03181230904504611,1.0000001345493454
144,0.2398830497089193,0.023845104102510454,0.033987433763880026,0.6702795632662796,0.0024122006655483376,0.0032435810711944316,0.004126090228118324,0.03200484915841066,1.0
145,0.2375794976398363,0.023021662108246965,0.032925435780101965,0.6742799844057309,0.002317276102320741,0.0031395744271477525,0.004000757512814984,0.032193150967392975,0.9999997309013091
146,0.23533070715435872,0.022250021611988614,0.03188577298767158,0.6781562164993153,0.002257132544896594,0.003033078620209917,0.0038762993682571857,0.032377349021338514,1.000000067274673
147,0.23312376151532163,0.02153919741988175,0.0308655525756613,0.681914314267579,0.0022191896294746485,0.0029297447228905774,0.00375803049359091,0.03255730877090182,1.0000001345493457
148,0.23089380793820957,0.020942807446095328,0.02986760008032596,0.6855670598983412,0.002241659370167786,0.0028361656531176596,0.00365281290543502,0.032728590087682446,0.9999998654506546
149,0.22869527163326422,0.020412144827569968,0.0289042940414486,0.6890997875129462,0.002202909158673034,0.002736800961489623,0.0035325257905867258,0.032888031062061895,0.999999529077291
150,0.2265749757727085,0.019886864182863326,0.02797771997388397,0.6925222519389401,0.0021212377059740247,0.0026537840153359345,0.0034225989753394596,0.033038457230295,1.0000002690986909
151,0.22460355876291296,0.019285899531330992,0.027100794614796996,0.6958359332191234,0.001982248232105694,0.002579714600655861,0.0033134794561650006,0.033174015695853896,1.0000002018240184
152,0.2227054038717247,0.018680696575416423,0.026254748330494904,0.6990596009871886,0.0019040077877161157,0.0025098834903580255,0.0032238023174106516,0.03329921386181177,0.9999996636266364
153,0.22088683491838068,0.018058540401972897,0.02545236330879714,0.7021859223038077,0.0018253636952901338,0.0024475198687336584,0.0031260522179282295,0.03341654089105977,1.0000002018240182
154,0.21911502186258677,0.01746907971947807,0.024678637297684037,0.7052123407314169,0.0017771277549398952,0.0023679339308894016,0.0030264184276092565,0.03352498766350689,1.0000000672746727
155,0.2174104834795268,0.016886481053602104,0.023934512142573867,0.7081419509049621,0.0017101221808968857,0.00229372996686386,0.0029297447228905774,0.03362663969400788,1.0000000672746727
156,0.215768106894073,0.016316462751527386,0.023210098466574746,0.7109804038969527,0.0016478931086179865,0.0022187187067655113,0.002838587541336082,0.03372526436423584,1.0000003363733636
157,0.21413696517896577,0.01582878864887902,0.02248198468357526,0.7137324762091529,0.0016378691823806287,0.0021245341649379877,0.0027518704881820265,0.0338195161807361,0.999999730901309
158,0.21256415060511885,0.015354434931431972,0.021771025942122928,0.7163993115109992,0.0015779947236474175,0.0020526848144581345,0.00266649892848265,0.0339112788343452,1.0000002018240182
159,0.2110397737956404,0.014905443765605621,0.021072782113817308,0.7189807752531462,0.0015300278819881145,0.001978615399778061,0.002581800115510613,0.03400115779711775,0.9999999327253273
160,0.20957385867676773,0.014455981677070134,0.020398488069004978,0.7214844694736127,0.001470758895309509,0.0019210282799178038,0.0025038287698119707,0.03408700027952626,0.9999997981759817
161,0.20816734709391915,0.01398970092035116,0.019768528033524316,0.7239051467479255,0.0014109517112490316,0.0018775688413316751,0.0024204081756218788,0.03416880628157074,0.9999995290772908
162,0.20681478979860318,0.013498730358738829,0.019184112951484533,0.7262540419464312,0.001357804719789215,0.0018490443800924824,0.002349097022523897,0.0342487958674514,1.000000470922709
163,0.20551161211307392,0.013001906900598643,0.018624656773029047,0.7285369406909848,0.001306070496456811,0.0018051140187972164,0.0022831005685718967,0.0343248835223135,1.0
164,0.20425519032509476,0.01252640951371512,0.018072197160537887,0.730749201029168,0.001262140135161545,0.0017364938526085922,0.0022121930635103184,0.034396867422138815,0.9999998654506544
165,0.20304014246084698,0.012093227895981247,0.017495989588571646,0.732903806972818,0.0012165279070479303,0.0016527368850548306,0.002154269570286392,0.03446676580710938,0.9999999327253273
166,0.20186922678191266,0.011675855826339851,0.016929267745460892,0.7349910036943886,0.0011699065588433061,0.0015929969756670872,0.0020872639962433823,0.03453444412787973,0.9999997981759817
167,0.20073887773063692,0.011276311544972951,0.01637519354082412,0.7370105893698616,0.0011329727635123704,0.001534468010388555,0.0020193838514548316,0.03459922963772252,1.0000002018240182
168,0.19965467910485665,0.01087999644789728,0.015834372446715938,0.7389684841704377,0.001088033282126095,0.0014845502032199676,0.001958567547303345,0.0346624005554197,0.9999999327253273
169,0.1986029741460069,0.010504267400678197,0.015315079247882614,0.7408545296205339,0.0010502249160496177,0.0014301922676509399,0.0018859781754234184,0.03472281321153478,0.9999996636266364
170,0.19759479590041598,0.010139436850442012,0.014810653751723492,0.7426749822647144,0.0010103983097911223,0.0013771798255365912,0.0018205871935260238,0.03478060215541324,1.0000004709227093
171,0.19662664608510177,0.009767340635550561,0.014334954540821766,0.7444348877034344,0.0009686880126960763,0.0013429370171150132,0.0017598381640472713,0.03483610376041874,0.9999999327253273
172,0.1956852715895357,0.00941401405435188,0.013873383011194168,0.7461374078463123,0.0009377416632384615,0.0012981320850742057,0.0017023855935324821,0.03489019259729684,1.0000002690986909
173,0.19477248882988152,0.009072998738263513,0.013422306330513067,0.7477904138300582,0.0009090153779810669,0.0012566908866700954,0.0016532078077639682,0.03494179227128377,1.0
174,0.19387369920215602,0.008766898977324062,0.012962349393031083,0.7494066205678184,0.000896704112870755,0.0012075803755743156,0.0016162067377602984,0.03499029731032495,0.9999998654506546
175,0.1930082105374338,0.00847869427933184,0.012499970567330678,0.7509751968372831,0.0008637395232311218,0.001156787997660187,0.001568778093482867,0.03503745685591144,0.9999995290772908
176,0.19218147208420636,0.008189951383957748,0.012059052362232403,0.7524857823388511,0.0008267384532274519,0.001118710532892774,0.0015105182268952706,0.03508387638009786,1.0000001345493454
177,0.19138339264156357,0.007909146899966262,0.0116446403781913,0.7539343405921584,0.0007976757946063877,0.00108164218821637,0.0014488273519982428,0.035128344938775,0.9999998654506546
178,0.19061565407632378,0.007629889733447656,0.01124919985186117,0.7553337883343699,0.0007680749386034518,0.0010496867186677462,0.001399649566229729,0.03517126617997926,0.9999997981759818
179,0.18987684362035961,0.007358705527657122,0.010873268980623884,0.7566790126903579,0.000738406807927782,0.0010127529233368102,0.0013452916306607012,0.035211967356983294,0.9999997981759818
180,0.18916043563041582,0.007101649003140718,0.010506958387587554,0.7579801048610324,0.0007127078829434149,0.0009758864026786084,0.0013008903466562975,0.035250852117823514,1.0
181,0.18846979384012913,0.00685118539655224,0.010155650046570892,0.759235382979575,0.000685663464504369,0.0009441327571481862,0.0012553453932154165,0.035287853187827185,0.9999998654506546
182,0.18780034357175365,0.006613436703110478,0.00981147282086403,0.7604515072385866,0.0006652792386659836,0.0009097553993811403,0.0012161915336842603,0.03532330694035798,1.0000000672746727
183,0.18715450671350778,0.00638564466123334,0.009468506539266376,0.7616341959852494,0.0006445586394639285,0.0008763871617051035,0.0011826887466627558,0.035357549748779554,1.0000004036480363
184,0.18653349420950074,0.006164916459993266,0.009138389720160907,0.7627719452505258,0.0006212143280252496,0.0008436916707564062,0.0011375474412582787,0.035391321634492,1.0000000672746727
185,0.1859388533772054,0.005953673987608678,0.008809080197128246,0.7638746444113079,0.000599820982095855,0.0008077669955164794,0.0011030355341457648,0.03542361347740429,0.9999998654506546
186,0.18536150213580269,0.005748418961097412,0.008503518633570668,0.7649317986186491,0.000575265726547965,0.0007846917827687362,0.0010568851086502783,0.03545489620022557,1.0000001345493454
187,0.1848070242831295,0.005546931316259246,0.008211277455214409,0.7659503371638411,0.0005534014579094328,0.0007574455403114885,0.0010185385451919296,0.035484497056228505,1.0000000672746727
188,0.18427044149340355,0.005345645495439282,0.00793572039569617,0.7669353056473388,0.0005333536054347172,0.0007401559494188645,0.0009851703075158928,0.035513223341485906,1.0000003363733638
189,0.18374993735046102,0.005151961712638254,0.007668909043633343,0.7678882513866151,0.0005141130490328088,0.0007153988698527727,0.0009526093659126633,0.035540873231979554,0.9999999327253273
190,0.18325035563073874,0.00496500539711062,0.007410237926971324,0.7688072234161608,0.0004951415913218363,0.0006883544514137268,0.0009191738535638927,0.035567312178363994,1.0000001345493454
191,0.18276873624863643,0.004786794789038399,0.007154526895909599,0.7696976037097946,0.00047697742968367114,0.0006615118569928826,0.0008902457442882962,0.03559267472998469,1.0000003363733636
192,0.182298015363517,0.004623519158313115,0.006905543332121268,0.7705561630832252,0.00047092270913761606,0.0006357456573357817,0.000858626648103342,0.03561682633749618,1.0000000672746727
193,0.18184485316798116,0.004465894600097481,0.00666274903822446,0.7713863998194348,0.00045020210993556095,0.0006126031699153046,0.000830438560227819,0.03564030519828033,1.0000002018240182
194,0.18140803871791966,0.004316746650646325,0.006427220408982918,0.7721850847341322,0.00043634352735236827,0.0005868369702582035,0.0007988867387155986,0.03566297676299166,1.0000000672746727
195,0.1809836028076412,0.004174258893795829,0.006203061199433413,0.7729541015181539,0.00042409953691479024,0.0005682018859109008,0.0007688149600035252,0.03568490830630293,0.9999999327253273
196,0.18057625466423716,0.00403035836881792,0.0059914150790124215,0.7736963429824275,0.0004054644525674874,0.0005530650845457631,0.0007421741896008829,0.03570596527886866,1.0000003363733636
197,0.18017018473961507,0.003901729194550617,0.005789792884828788,0.7744116745776075,0.00040398440976734064,0.0005357754936531391,0.0007156006938709746,0.03572628223003431,0.9999996636266363
198,0.17977817522159437,0.0037752528098108002,0.005593619939136604,0.7751070928696584,0.0003910003979296892,0.000519965945560662,0.0006956873907417268,0.03574552278643622,0.9999996636266363
199,0.1793981405953203,0.0036548311456170383,0.005408345490427319,0.7757762067646702,0.0003770072660010286,0.0005009272131769555,0.0006689120709936166,0.03576227417994697,0.9999997981759817
200,0.17903014813546564,0.003539656905896524,0.005226165676663795,0.776427358322062,0.0003648978249089185,0.0004842430943389372,0.0006508824587009194,0.035777074607948434,1.0000004036480363
201,0.17867291962324838,0.0034311428587766707,0.005048896914009849,0.7770561746881062,0.00035258655979860656,0.00046661713008264356,0.0006290854647351211,0.035790865915858894,0.9999999999999999
202,0.17832880967221426,0.003321417867547606,0.00488178662693873,0.7776644722789665,0.0003390643505790836,0.00045417131562686374,0.0006080284921693963,0.03580371537835108,1.0000002018240182
203,0.1779951272954539,0.003217478498173661,0.0047203274123772615,0.778251511073243,0.0003283676776143863,0.00043809266884345084,0.0005870387942764054,0.035815286622061314,0.9999997309013091
204,0.17767658172005865,0.0031147500729089266,0.004566604785180197,0.7788168201482263,0.0003157200391404046,0.00042167764869636824,0.0005652418003106071,0.03582524327362594,1.0
205,0.17735944891279085,0.003023727440699899,0.004421493316093077,0.7793616777226985,0.00031087626270356053,0.00040889546087691865,0.000544588475781286,0.03583412353042682,1.0000004709227093
206,0.17705106181297842,0.0029306865683088527,0.004287414893334325,0.7798895820796418,0.00030213055524814765,0.0004015625215489186,0.0005279716316160016,0.03584125464573662,1.0
207,0.17675639874640375,0.002841076704227238,0.004155220161412123,0.7803991204509286,0.0002902229381742394,0.0003846765786926984,0.0005094038219414327,0.03584818393702822,1.0
208,0.17646859769644793,0.0027549651231277878,0.00402591824041748,0.7808959439090689,0.00028336092155537696,0.00037377808170979926,0.0004964870847765152,0.035854642305610675,1.0000000672746727
209,0.1761898787273112,0.0026695262887556775,0.003902872863987094,0.7813765541710802,0.00027481703811816597,0.0003645614515452488,0.000480812086029506,0.03586096612484767,0.9999997981759818
210,0.17592212552983008,0.0025900076255841544,0.0037796929382112403,0.781841354884999,0.0002644567385171384,0.0003478100580344964,0.00046459888990062523,0.03586688629604825,1.0000000672746727
211,0.17565733241794929,0.0025122381039037137,0.0036678151574546895,0.7822898751281162,0.0002573256232073402,0.00034262990823398265,0.0004483184190990105,0.03587267191790337,0.9999999327253272
212,0.17540141956286937,0.0024357468010052182,0.003559166560989368,0.7827256804580867,0.0002497235851884044,0.0003334132780694322,0.00043614170333416643,0.035878188441067556,1.0000002018240182
213,0.17514907226544432,0.0023665884374347228,0.003452603479378799,0.7831482999522014,0.00024649440089717504,0.00032150566099552387,0.00042261949411464346,0.03588336859086807,0.9999999327253273
214,0.1749012996457652,0.0022995828633917133,0.0033493368567321935,0.7835613664427877,0.00023922873624190896,0.00031518184175853304,0.0004128646665682214,0.03588827964197765,0.9999998654506544
215,0.17466119633877775,0.0022354028256035296,0.003250241263795092,0.7839604398014456,0.00023364493840499152,0.0003046869928120376,0.00039893880931229475,0.035892854319723555,1.0000001345493454
216,0.17442842597111832,0.0021755956415430524,0.003151751142912596,0.7843470673456475,0.000226917471131597,0.0002926448263926614,0.00038656026952924884,0.035897227173451264,1.0000000672746727
217,0.17419646289953167,0.0021239959675561164,0.003057768425103275,0.7847207108780119,0.00022597562571332176,0.00028463914033732195,0.0003737108070370653,0.035901600027178966,1.000000538197382
218,0.1739717654926003,0.002071387173478171,0.0029651984754213664,0.7850858778016117,0.0002193154331126612,0.00027690255297291825,0.0003653014729453222,0.0359054346835248,0.9999996636266363
219,0.17375245005948764,0.00201918202743663,0.0028781450489036415,0.7854416262710288,0.0002123188671483309,0.00027199150186334024,0.0003554793707261662,0.03590873114248876,1.0000001345493454
220,0.17354140941112126,0.0019663714093404827,0.0027921680171496596,0.7857885617583178,0.00020565867454767033,0.00026391854113526683,0.0003468682126162212,0.03591169122808906,1.0000002018240182
221,0.17333137788284586,0.0019180681943175102,0.002710698388468852,0.786125540594042,0.0002031022369837804,0.0002584020179710833,0.0003368442863788634,0.03591444948967115,1.0000001345493454
222,0.173124508264189,0.001871783219476556,0.0026396563340618058,0.7864473826284013,0.0001983257352196703,0.00025308731882510167,0.0003219765837046615,0.035916736828544106,1.0000000672746727
223,0.1729247697608419,0.0018247582232355283,0.0025702288718003744,0.786761757174087,0.00019032004916433084,0.0002466289502426429,0.00031410544699478994,0.035918755068726126,1.0000002690986909
224,0.17272967320991345,0.0017820388060494732,0.002498783169356925,0.7870693369778266,0.00018655266749122992,0.00023788324278723006,0.0003076470784123312,0.035920436935544475,1.0000002690986909
225,0.1725375367445853,0.0017407994316635648,0.0024326521660594565,0.7873670274046743,0.00018137251769071613,0.00023344311438678968,0.0002982286242295789,0.035921984253017354,1.0
226,0.17234196927094775,0.0017102567302423536,0.0023669920854711263,0.7876579230895759,0.00018527444870928495,0.0002261774497315236,0.0002908956849015788,0.03592319519712656,1.0000003363733638
227,0.1721508419257106,0.0016794449301302068,0.0023066467040287774,0.7879389966722583,0.00018056522161790877,0.00022173732133108322,0.0002814099560460926,0.03592413704254484,1.0000000672746727
228,0.17196428925821935,0.001649911348800005,0.0022522887684597497,0.788209911779358,0.00017592326919926656,0.0002164898968578355,0.0002707805577541292,0.035924338866563044,1.0000007400214002
229,0.1717806294016557,0.0016200413941061332,0.002201361841200153,0.7884736957711477,0.00017430867705365188,0.00021326071256660612,0.0002643221891716705,0.03592454069058124,1.0000002690986909
230,0.17160342791367447,0.001588287748575711,0.0021521840554316394,0.7887317614157551,0.00016785030847119316,0.00020908968285710154,0.00025813291928014756,0.035924675239926714,1.0000003363733636
231,0.17143086837811192,0.0015522285239903165,0.0021079845954454376,0.7889844450865439,0.0001637465534344225,0.00020821511211156025,0.000252683670788698,0.03592474251459944,1.000000269098691
232,0.17126113437880416,0.0015164383980958577,0.0020672161437686664,0.7892305358394046,0.00016045009447045918,0.0002055913998749364,0.00024622530220623924,0.03592474251459944,1.0000000672746727
233,0.1710967150786424,0.0014823301390197476,0.0020258422200372904,0.7894704373223739,0.0001576245582156335,0.00019839300989240425,0.00023983420829651447,0.03592474251459944,1.0000000672746727
234,0.17093471766669907,0.0014525947336713437,0.001983122802851235,0.7897044859088153,0.00015419354990620229,0.0001914637186008079,0.0002339140370959273,0.03592474251459944,0.9999996636266364
235,0.17077689128446524,0.0014212447361773254,0.0019450453380838223,0.7899321434013469,0.00014995524552396375,0.00018917637972785375,0.00022732111916800066,0.03592474251459944,1.0000000672746727
236,0.1706190649022314,0.001393393021665472,0.0019094570362075652,0.7901534770746416,0.00014982069617849585,0.0001859471954366244,0.00022153549731288139,0.03592474251459944,1.0000001345493454
237,0.17046312221083412,0.001368837766117582,0.001873061438258501,0.7903701687955176,0.00014766790665100962,0.00018036339759970696,0.00021669172087603733,0.03592474251459944,0.9999999327253272
238,0.17030892866092792,0.0013449552572970314,0.0018370694883458403,0.7905839677054661,0.00014504419441438576,0.00017780696003581704,0.00021359708593027586,0.03592474251459944,0.9999996636266364
239,0.1701570897245674,0.0013260510742587929,0.0017996647703057667,0.7907929228389777,0.00014342960226877105,0.00017141586612609225,0.0002087533094934318,0.03592474251459944,1.000000470922709
240,0.17000720175371617,0.0013042540802929946,0.0017671038287025373,0.7909971014707252,0.00014181501012315638,0.0001719540635079638,0.00020431318109299143,0.03592474251459944,1.0000004036480363
241,0.1698627630313564,0.001279429726054169,0.0017364265779358584,0.791197176347436,0.00013697123368631233,0.00016919580192587206,0.0002000748767107529,0.03592474251459944,1.000000538197382
242,0.16971879523170574,0.0012566908866700954,0.0017116022236970325,0.7913883036926731,0.0001360293882680371,0.00016637026567104635,0.00019132916925534,0.03592474251459944,1.0000001345493454
243,0.16957684567223713,0.0012342211459769577,0.0016853651013307939,0.7915790946645466,0.00013387659874055085,0.00016455384950722984,0.0001908582465462024,0.03592474251459944,1.0000002690986909
244,0.1694364434302414,0.00121430784284771,0.0016577824855098764,0.7917665891774561,0.0001319929079040004,0.00016024827045225734,0.00018769633692770698,0.03592474251459944,0.9999998654506546
245,0.16929765578039124,0.001195941857191343,0.0016322853845437111,0.791949441737947,0.00013031104108565176,0.00015769183288836744,0.00018305438450906476,0.03592474251459944,1.0000000672746727
246,0.1691619627654869,0.0011768358501349026,0.001608066502359491,0.792128459642092,0.0001278218781944958,0.0001546644726153399,0.00017868153078135832,0.03592474251459944,1.0000000672746727
247,0.16902600065189158,0.0011598153579332143,0.0015854622123208854,0.7923041810872731,0.0001268127581034866,0.00015278078177878945,0.00017578871985379869,0.03592474251459944,1.0000002018240182
248,0.16889071128502361,0.0011444767325498749,0.0015623869995731422,0.7924776151935812,0.00012331447512132146,0.00015015706954216558,0.00017336683163537666,0.03592474251459944,0.9999999327253273
249,0.16875797835571954,0.001128599909784664,0.0015411954776619495,0.7926476182915798,0.00012102713624836733,0.00014854247739655088,0.0001700030979986794,0.03592474251459944,1.0000001345493454
250,0.16862659091987015,0.0011122521643103151,0.0015227622173328485,0.7928136521838872,0.00011954709344822053,0.00014753335730554172,0.00016616844165284452,0.03592474251459944,1.0
251,0.16849722172420278,0.0010967789895815077,0.001505136253076555,0.7929759859691943,0.00011793250130260585,0.00014484237039618392,0.0001624010599797436,0.03592474251459944,0.9999998654506546
252,0.1683654979149897,0.0010850731965258013,0.0014869720914383897,0.7931378488317922,0.00012035438952102788,0.00014336232759603712,0.00016179558792513808,0.03592474251459944,1.0000001345493454
253,0.1682358596206314,0.001073300128797361,0.0014691443031638943,0.7932969534328079,0.00011873979737541319,0.00014134408741401877,0.00015923915036124818,0.03592474251459944,1.0
254,0.1681111996520554,0.001058701524814095,0.0014507110428347931,0.7934546452656963,0.00011483786635684438,0.00013939312190473435,0.00015789365690656928,0.03592474251459944,1.0
255,0.16798761607824314,0.0010457175129764435,0.0014332196279239675,0.7936089060902752,0.00011409784495677098,0.00013683668434084443,0.0001543280992516702,0.03592474251459944,1.0000002018240182
256,0.16786537799788556,0.0010319262050659847,0.001417948277213362,0.7937608795759812,0.00011329054888396364,0.00013623121228623894,0.00015170438701504632,0.03592474251459944,1.0000008745707456
257,0.16774764732060116,0.0010169912277190488,0.0013993131928660592,0.7939113057442143,0.00011107048468374345,0.00013226200659493617,0.00015029161888763346,0.03592474251459944,1.0
258,0.1676309930380805,0.0010028635464449205,0.0013827636233735086,0.794059040925538,0.00011033046328367005,0.00013105106248572515,0.00014766790665100962,0.03592474251459944,1.0000004036480363
259,0.16751561697434178,0.0009875921957343149,0.0013672231739719674,0.7942047578666798,0.0001089176951562572,0.00013031104108565176,0.00014585149048719308,0.03592474251459944,0.9999999327253273
260,0.16740313372153062,0.0009713117249327001,0.0013521536472795635,0.7943487929410031,0.0001069667296469728,0.00012896554763097286,0.00014383325030517473,0.03592474251459944,1.0000001345493454
261,0.1672909195674104,0.0009560403742220945,0.0013374204939508296,0.7944914825218719,0.00010669763095603701,0.0001278218781944958,0.00014248775685049583,0.03592474251459944,1.0000006054720547
262,0.16717857086394472,0.0009428545383662413,0.0013225527912766278,0.7946311447424675,0.00010589033488322967,0.00012513089128513797,0.0001397294952684041,0.03592474251459944,0.9999998654506546
263,0.16706750037926096,0.0009305432732559293,0.0013080887366388296,0.7947686541735357,0.00010447756675581682,0.00012317992577585358,0.0001375094310681839,0.03592474251459944,0.9999995290772908
264,0.16695871723345018,0.0009195102269275624,0.0012922119138736184,0.7949048853858219,0.00010353572133754158,0.00012008529083009209,0.0001363657616317068,0.03592474251459944,1.0000000672746727
265,0.16685060683436673,0.0009086790046173972,0.0012772769365266827,0.7950388965339079,0.00010266115059200031,0.00011900889606634898,0.0001338093240678169,0.03592474251459944,1.0000002018240182
266,0.16674162186453773,0.0008981841556709017,0.0012650329460891045,0.7951700821457391,0.00010232477722833057,0.00011961436812095448,0.00013145471052212882,0.03592474251459944,0.9999996636266363
267,0.16663425148685437,0.0008882947787790117,0.0012531926036879304,0.7952996531654247,0.00010091200910091773,0.00011759612793893613,0.00012957101968557837,0.03592474251459944,1.0000001345493454
268,0.16652721748253466,0.0008807600154328099,0.001238795823722866,0.7954284841637103,0.00010017198770084433,0.00011436694364770676,0.00012862917426730312,0.03592474251459944,1.0
269,0.16642092349961501,0.0008728216040502044,0.0012259463612306824,0.7955554314711591,9.943196630077093e-05,0.00011416511962950493,0.00012708185679442238,0.03592474251459944,0.9999998654506544
270,0.16631832962369575,0.0008627304031401126,0.0012126932507020953,0.7956814369331898,9.613550733680762e-05,0.00011261780215662419,0.00012600546203067926,0.03592474251459944,0.9999999327253272
271,0.16621687941721297,0.0008527737515754887,0.0011991710414825723,0.7958064332751296,9.573185930040395e-05,0.00011167595673834895,0.00012513089128513797,0.03592474251459944,1.0
272,0.16611670742951212,0.0008419425292653236,0.0011878688964632696,0.7959288731795053,9.29735977183122e-05,0.00011107048468374345,0.00012237262970304623,0.03592474251459944,1.0000001345493454
273,0.16601613179377486,0.0008327258991007731,0.0011769703994803705,0.7960496984917355,9.176265360910119e-05,0.00010992681524726637,0.00012089258690289944,0.03592474251459944,1.0000002690986909
274,0.16591575798205582,0.0008247874877181676,0.001166341001188407,0.7961687746624746,9.129173089996358e-05,0.0001081776737561838,0.00011907617073908292,0.03592474251459944,1.0000004036480366
275,0.16582002612275543,0.000815570857553617,0.0011537606373871593,0.7962859671423771,9.001351211801861e-05,0.00010467939077401866,0.00011732702924800034,0.03592474251459944,1.0000000672746727
276,0.16572496701018236,0.0008068251500982042,0.0011425930417133245,0.7964008722834066,8.967713875434889e-05,0.00010353572133754158,0.00011510696504778015,0.03592474251459944,0.9999999999999999
277,0.16563125339106397,0.0007975412452609198,0.0011328382141669025,0.7965136246349087,8.846619464513787e-05,0.00010286297461020213,0.00011295417552029391,0.03592474251459944,0.9999999999999999
278,0.16553585790512723,0.0007900737565874518,0.0011248998027842969,0.7966246278449197,8.74570745541287e-05,0.00010259387591926636,0.0001110032100110095,0.03592474251459944,1.0000002018240182
279,0.16544059696853597,0.0007836826626777271,0.0011162886446743519,0.7967344873854943,8.705342651772502e-05,0.00010124838246458746,0.00010999408992000032,0.03592474251459944,0.9999997981759818
280,0.1653461433280175,0.0007770224700770665,0.0011085520573099483,0.796843539629996,8.624613044491769e-05,0.0001007101850827159,0.00010878314581078931,0.03592474251459944,1.0
281,0.16525128603946265,0.0007717750456038188,0.0011003445472364069,0.7969521209517886,8.557338371757824e-05,0.00010003743835537644,0.00010851404711985354,0.03592474251459944,1.0000002690986909
282,0.16515676512427147,0.0007663930717851031,0.001093078882581141,0.7970591549561084,8.496791166297272e-05,9.963379031897277e-05,0.0001069667296469728,0.03592474251459944,1.0000001345493454
283,0.16506305150515307,0.0007609438232936536,0.0010858132179258748,0.7971656507630461,8.442971428110116e-05,9.90955929371012e-05,0.00010636125759236728,0.03592474251459944,1.0000002018240182
284,0.16496906878734374,0.0007566382442386812,0.0010776729825250674,0.7972719447459657,8.40260662446975e-05,9.781737415515625e-05,0.00010602488422869756,0.03592474251459944,1.0000000672746727
285,0.16487616246429818,0.0007515253691109013,0.0010703400431970674,0.7973771623341217,8.294967148095437e-05,9.761555013695442e-05,0.00010515031348315627,0.03592474251459944,0.9999999327253273
286,0.16478413071199813,0.0007466815926740572,0.0010628725545235994,0.797481774450223,8.261329811728465e-05,9.707735275508285e-05,0.00010454484142855077,0.03592474251459944,1.0000002018240182
287,0.1646929062557709,0.0007412996188553416,0.0010554723405228656,0.7975853774462333,8.187327671721125e-05,9.600095799133973e-05,0.00010326662264660581,0.03592474251459944,0.9999997981759818
288,0.16460282546898014,0.0007357830956911582,0.0010491485212858747,0.7976877022234615,8.113325531713786e-05,9.579913397313789e-05,0.00010198840386466084,0.03592474251459944,1.0000002018240182
289,0.16451361925293495,0.0007294592764541673,0.0010424210540124802,0.797789488803308,7.978776186245894e-05,9.519366191853239e-05,0.00010165203050099112,0.03592474251459944,0.9999997309013091
290,0.16442488395959887,0.0007232700065626443,0.0010360299601027553,0.7978910735591362,7.951866317152317e-05,9.472273920939478e-05,0.0001013156571373214,0.03592474251459944,1.0
291,0.1643371577863538,0.0007172152860165893,0.0010288988447929573,0.7979917164695463,7.864409242598188e-05,9.364634444565165e-05,0.00010037381171904617,0.03592474251459944,0.999999730901309
292,0.16425064255721794,0.0007109587414523324,0.001021902278828627,0.7980918884572471,7.83749937350461e-05,9.29735977183122e-05,9.98356143371746e-05,0.03592474251459944,1.0000001345493454
293,0.1641637236800457,0.0007050385702517452,0.001015511184918902,0.7981911185995297,7.743314831677087e-05,9.290632304557825e-05,9.902831826436727e-05,0.03592474251459944,1.0000001345493457
294,0.16407808302165539,0.0006988493003602222,0.001008245520263636,0.7982901469177941,7.682767626216537e-05,9.169537893636724e-05,9.882649424616543e-05,0.03592474251459944,1.0000000672746727
295,0.16399304783531968,0.0006927945798141672,0.001000845306262902,0.7983884352146583,7.588583084389013e-05,9.08880828635599e-05,9.822102219155992e-05,0.03592474251459944,0.9999998654506544
296,0.16390895449440224,0.0006870762326317818,0.000993512366934902,0.7984855798420861,7.507853477108279e-05,8.981168809981677e-05,9.70100780823489e-05,0.03592474251459944,0.9999998654506544
297,0.16382634119628495,0.0006803487653583873,0.0009865158009705716,0.7985823880961503,7.393486533460572e-05,8.960986408161494e-05,9.653915537321129e-05,0.03592474251459944,1.0000003363733636
298,0.16374372789816768,0.0006740249461213965,0.0009791828616425716,0.7986785908781598,7.380031598913783e-05,8.886984268154155e-05,9.613550733680762e-05,0.03592474251459944,1.0000002690986909
299,0.16366151824808678,0.0006679029509026075,0.0009723208450237093,0.7987737845400784,7.373304131640389e-05,8.833164529966999e-05,9.50591125730645e-05,0.03592474251459944,1.0000002690986909
300,0.16357998134473326,0.0006624537024111579,0.0009648533563502414,0.7988683054552695,7.332939328000022e-05,8.685160249952319e-05,9.438636584572505e-05,0.03592474251459944,1.0000003363733636
301,0.1634990499134343,0.0006576772006470478,0.0009561076488948285,0.7989625572717698,7.258937187992682e-05,8.543883437211035e-05,9.398271780932138e-05,0.03592474251459944,1.0000001345493454
302,0.1634195312502628,0.0006520261281373964,0.0009474292161121496,0.7990562036162154,7.15129771161837e-05,8.516973568117456e-05,9.384816846385349e-05,0.03592474251459944,0.9999999327253272
303,0.163340079861764,0.0006465768796459468,0.0009398944527659477,0.799149109939261,7.144570244344975e-05,8.503518633570667e-05,9.263722435464248e-05,0.03592474251459944,1.0000004036480363
304,0.1632610321213016,0.0006406567084453596,0.0009326960627834156,0.7992412762409066,7.084023038884424e-05,8.47660876447709e-05,9.209902697277091e-05,0.03592474251459944,1.0000004036480363
305,0.1631819171061665,0.0006358802066812496,0.0009246903767280761,0.7993329043451702,7.057113169790846e-05,8.368969288102777e-05,9.169537893636724e-05,0.03592474251459944,1.0000001345493454
306,0.1631036093871042,0.0006306327822080018,0.0009183665574910853,0.799422985131961,7.00329343160369e-05,8.348786886282593e-05,9.008078679075256e-05,0.03592474251459944,1.0000003363733638
307,0.16302476347066,0.0006271344992258367,0.0009109663434903513,0.7995123931720244,6.989838497056901e-05,8.214237540814703e-05,8.947531473614705e-05,0.03592474251459944,1.0
308,0.16294659030094316,0.0006232325682072678,0.0009043734255624247,0.7996011284653605,6.895653955229378e-05,8.187327671721125e-05,8.873529333607365e-05,0.03592474251459944,1.0000000672746727
309,0.16286949352599006,0.000619330637188699,0.0008970404862344247,0.7996893928359874,6.801469413401855e-05,8.093143129893602e-05,8.833164529966999e-05,0.03592474251459944,1.0
310,0.1627928676737461,0.0006152268821519284,0.000890514842979232,0.7997763789878324,6.747649675214699e-05,8.039323391706446e-05,8.698615184499109e-05,0.03592474251459944,0.9999997309013091
311,0.16271752004028409,0.0006113922258060935,0.000883181903651232,0.7998632978650047,6.720739806121121e-05,7.951866317152317e-05,8.678432782678925e-05,0.03592474251459944,1.0000001345493454
312,0.16264264332953118,0.0006066157240419834,0.0008767908097415071,0.7999492748967586,6.646737666113781e-05,7.931683915332133e-05,8.570793306304612e-05,0.03592474251459944,1.0000000672746727
313,0.16256709387205098,0.0006027137930234146,0.0008716779346137273,0.8000334355123487,6.619827797020202e-05,7.918228980785344e-05,8.436243960836722e-05,0.03592474251459944,0.9999996636266363
314,0.16249282263335268,0.0005986773126593779,0.000865959587431342,0.8001179997759753,6.539098189739469e-05,7.844226840778004e-05,8.416061559016538e-05,0.03592474251459944,1.0000002018240182
315,0.1624178786479271,0.0005951117550044788,0.0008604430642671585,0.8002019585675473,6.518915787919285e-05,7.817316971684427e-05,8.395879157196355e-05,0.03592474251459944,1.0000001345493454
316,0.1623440110572652,0.0005908734506222403,0.0008558011118485162,0.8002846391403373,6.424731246091762e-05,7.803862037137638e-05,8.261329811728465e-05,0.03592474251459944,1.0000000672746727
317,0.16227034529062154,0.0005866351462400017,0.000852370103539085,0.8003659742196727,6.384366442451395e-05,7.783679635317454e-05,8.133507933533968e-05,0.03592474251459944,1.0000000672746727
318,0.1621965449746324,0.0005834059619487723,0.0008479299751386447,0.8004477802217171,6.384366442451395e-05,7.669312691669747e-05,8.126780466260575e-05,0.03592474251459944,1.0000004036480363
319,0.16212274465864326,0.0005803786016757448,0.0008443644174837456,0.8005281734556342,6.364184040631211e-05,7.669312691669747e-05,8.039323391706446e-05,0.03592474251459944,1.0000004036480366
320,0.16204914616667232,0.0005772839667299833,0.0008403952117924428,0.8006084994148785,6.330546704264238e-05,7.622220420755985e-05,8.019140989886262e-05,0.03592474251459944,1.0000000672746727
321,0.16197736409086522,0.0005735165850568824,0.0008362914567556722,0.8006882199020683,6.263272031530293e-05,7.55494574802204e-05,7.965321251699106e-05,0.03592474251459944,1.0000001345493454
322,0.16190531291636714,0.000570354675438387,0.0008319858777006997,0.8007677385652398,6.249817096983505e-05,7.4809436080147e-05,7.92495644805874e-05,0.03592474251459944,1.0000001345493454
323,0.1618344054113056,0.0005670582164744237,0.0008274111999547914,0.8008465172070113,6.162360022429376e-05,7.433851337100939e-05,7.877864177144977e-05,0.03592474251459944,1.0000001345493457
324,0.161763497906244,0.0005634253841467907,0.0008235092689362226,0.8009247576514008,6.115267751515615e-05,7.42039640255415e-05,7.82404443895782e-05,0.03592474251459944,0.9999999327253273
325,0.16169238857716423,0.0005605998478919649,0.0008202128099722593,0.8010024598984086,6.115267751515615e-05,7.413668935280755e-05,7.729859897130298e-05,0.03592474251459944,1.0000004036480366
326,0.16162154834677536,0.0005577070369644053,0.000816849076335562,0.8010793548493435,6.074902947875247e-05,7.366576664366994e-05,7.68949509348993e-05,0.03592474251459944,1.0000002018240182
327,0.16155077539105928,0.0005547469513641117,0.0008133507933533969,0.8011563843496238,6.0614480133284584e-05,7.34639426254681e-05,7.682767626216537e-05,0.03592474251459944,1.0
328,0.16148080973141596,0.0005515177670728824,0.0008110634544804428,0.8012318665324313,6.0143557424146965e-05,7.306029458906444e-05,7.528035878928463e-05,0.03592474251459944,1.0
329,0.1614109786211181,0.000548221308108919,0.0008085742915892867,0.8013073487152388,6.007628275141302e-05,7.27239212253947e-05,7.514580944381673e-05,0.03592474251459944,0.9999998654506546
330,0.1613406093134384,0.0005464048919451025,0.0008061524033708648,0.8013821581513189,6.007628275141302e-05,7.258937187992682e-05,7.49439854256149e-05,0.03592474251459944,1.0000000672746727
331,0.16127037455510418,0.0005444539264358181,0.0008035286911342408,0.8014569003127263,5.96053600422754e-05,7.205117449805525e-05,7.467488673467912e-05,0.03592474251459944,1.0
332,0.16120013979676995,0.0005425029609265337,0.0008011740775885529,0.8015315079247882,5.953808536954146e-05,7.205117449805525e-05,7.427123869827544e-05,0.03592474251459944,1.0000000672746727
333,0.16112983776376297,0.000540821094108185,0.0007992903867520023,0.8016052409661046,5.953808536954146e-05,7.191662515258736e-05,7.373304131640389e-05,0.03592474251459944,0.9999999327253273
334,0.1610601412028106,0.000539610149998974,0.0007967339491881124,0.801678974007421,5.953808536954146e-05,7.110932907978003e-05,7.359849197093599e-05,0.03592474251459944,1.0000002018240182
335,0.16099051191653097,0.0005381301071988272,0.0007942447862969564,0.8017524379500466,5.9268986678605677e-05,7.104205440704608e-05,7.359849197093599e-05,0.03592474251459944,1.0000000672746727
336,0.1609208153555786,0.0005367173390714144,0.0007918901727512684,0.801825901892672,5.893261331493595e-05,7.090750506157819e-05,7.312756926179838e-05,0.03592474251459944,1.0000000672746727
337,0.16085179154135357,0.000534833648234864,0.0007900737565874518,0.8018986258138974,5.8327141260330445e-05,7.090750506157819e-05,7.258937187992682e-05,0.03592474251459944,1.0000000672746727
338,0.16078270045245582,0.000533488154780185,0.0007883246150963693,0.8019706769883954,5.8327141260330445e-05,7.043658235244058e-05,7.198389982532132e-05,0.03592474251459944,0.9999999327253273
339,0.160713878462249,0.0005321426613255062,0.0007868445722962225,0.8020427954375663,5.8327141260330445e-05,7.043658235244058e-05,7.191662515258736e-05,0.03592474251459944,1.0000004036480366
340,0.16064465282400575,0.0005308644425435612,0.0007852299801506078,0.8021148466120643,5.819259191486256e-05,7.016748366150479e-05,7.178207580711948e-05,0.03592474251459944,1.0000003363733636
341,0.1605761672071626,0.0005290480263797447,0.0007837499373504611,0.8021861577651623,5.745257051478916e-05,7.00329343160369e-05,7.131115309798186e-05,0.03592474251459944,0.9999998654506546
342,0.16050842161171952,0.0005268952368522584,0.0007828753666049197,0.8022571998195693,5.704892247838549e-05,7.00329343160369e-05,7.097477973431214e-05,0.03592474251459944,1.0000001345493454
343,0.16044054146693096,0.000524944271342974,0.0007816644224957087,0.8023282418739763,5.69143731329176e-05,6.962928627963323e-05,7.090750506157819e-05,0.03592474251459944,1.0000001345493454
344,0.16037353589288797,0.0005229260311609557,0.0007796461823136903,0.8023993512030562,5.69143731329176e-05,6.895653955229378e-05,7.090750506157819e-05,0.03592474251459944,1.0000002018240182
345,0.16030632849482673,0.000521244164342607,0.0007778297661498739,0.8024701241587723,5.69143731329176e-05,6.888926487955984e-05,7.070568104337635e-05,0.03592474251459944,1.0000002690986909
346,0.160239255646111,0.0005192931988333226,0.0007763497233497271,0.802540493466452,5.684709846018365e-05,6.888926487955984e-05,7.030203300697269e-05,0.03592474251459944,1.0000001345493454
347,0.160172250072068,0.000517611332014974,0.0007748024058768463,0.8026107954994589,5.684709846018365e-05,6.875471553409195e-05,7.030203300697269e-05,0.03592474251459944,1.0000002018240182
348,0.160105244498025,0.0005161312892148272,0.0007729187150402959,0.8026811648071387,5.684709846018365e-05,6.841834217042221e-05,7.030203300697269e-05,0.03592474251459944,1.0000002018240182
349,0.16003850802267292,0.0005147185210874144,0.0007716404962583509,0.802750861368091,5.6510725096513925e-05,6.828379282495433e-05,6.962928627963323e-05,0.03592474251459944,1.0000004709227093
350,0.15997204064601178,0.0005129693795963317,0.0007704968268218738,0.8028202888303525,5.644345042377998e-05,6.828379282495433e-05,6.94274622614314e-05,0.03592474251459944,1.000000538197382
351,0.15990523689598696,0.000511489336796185,0.0007690840586944609,0.8028895817432684,5.637617575104604e-05,6.781287011581671e-05,6.936018758869745e-05,0.03592474251459944,1.0000001345493454
352,0.15983876951932582,0.00051021111801424,0.0007677385652397821,0.8029590092055299,5.637617575104604e-05,6.781287011581671e-05,6.922563824322956e-05,0.03592474251459944,1.0000004709227093
353,0.15977196576930103,0.0005091347232504969,0.0007662585224396353,0.8030278984704095,5.6241626405578144e-05,6.774559544308276e-05,6.915836357049561e-05,0.03592474251459944,1.0
354,0.15970543111796714,0.000507856504468552,0.0007651148530031582,0.8030974604820164,5.597252771464237e-05,6.774559544308276e-05,6.902381422502773e-05,0.03592474251459944,1.0000006054720547
355,0.15963903101597873,0.0005073183070866804,0.0007636348102030115,0.8031658115495139,5.597252771464237e-05,6.700557404300938e-05,6.848561684315616e-05,0.03592474251459944,1.0000005381973818
356,0.15957202544193574,0.0005068473843775428,0.0007622893167483325,0.8032343644410299,5.597252771464237e-05,6.693829937027542e-05,6.848561684315616e-05,0.03592474251459944,1.0000002690986909
357,0.15950562533994733,0.0005063764616684051,0.0007607419992754518,0.803302850057873,5.590525304190842e-05,6.693829937027542e-05,6.848561684315616e-05,0.03592474251459944,1.0000003363733636
358,0.15943902341394073,0.0005059055389592676,0.000759329231148039,0.8033714702240616,5.590525304190842e-05,6.693829937027542e-05,6.848561684315616e-05,0.03592474251459944,1.000000470922709
359,0.15937262331195232,0.0005050309682137263,0.0007585892097479656,0.8034392830941774,5.5636154350972644e-05,6.693829937027542e-05,6.774559544308276e-05,0.03592474251459944,1.0000002690986909
360,0.1593065595833276,0.0005044254961591207,0.000757916463020626,0.8035067595909297,5.5636154350972644e-05,6.666920067933965e-05,6.740922207941304e-05,0.03592474251459944,1.0000004036480366
361,0.15924049585470285,0.0005036854747590473,0.0007571764416205527,0.8035743033623545,5.5636154350972644e-05,6.666920067933965e-05,6.740922207941304e-05,0.03592474251459944,1.0000004036480363
362,0.15917429757673265,0.0005030127280317079,0.0007565036948932132,0.803641443485743,5.5636154350972644e-05,6.666920067933965e-05,6.740922207941304e-05,0.03592474251459944,1.0
363,0.15910836839745338,0.0005022054319589005,0.0007561000468568096,0.8037088527078224,5.5636154350972644e-05,6.66019260066057e-05,6.707284871574331e-05,0.03592474251459944,1.0000002690986909
364,0.1590422373941559,0.0005015326852315611,0.0007556291241476719,0.8037759928312109,5.556887967823869e-05,6.653465133387175e-05,6.707284871574331e-05,0.03592474251459944,1.0000001345493454
365,0.1589767791375858,0.0005005908398132858,0.0007548891027475985,0.8038432675039449,5.523250631456897e-05,6.626555264293597e-05,6.700557404300938e-05,0.03592474251459944,1.000000269098691
366,0.15891152270503386,0.0004996489943950107,0.0007542163560202591,0.8039102730779878,5.523250631456897e-05,6.626555264293597e-05,6.693829937027542e-05,0.03592474251459944,1.0000004036480363
367,0.15884532442706367,0.000499178071685873,0.0007535436092929197,0.8039774132013763,5.5165231641835024e-05,6.619827797020202e-05,6.687102469754147e-05,0.03592474251459944,1.0000002018240182
368,0.15877973162114806,0.0004989762476676711,0.0007525344892019104,0.8040444187754193,5.5165231641835024e-05,6.592917927926625e-05,6.687102469754147e-05,0.03592474251459944,1.0000004036480363
369,0.1587136006178506,0.0004987744236494694,0.0007515253691109013,0.8041115588988078,5.5165231641835024e-05,6.592917927926625e-05,6.687102469754147e-05,0.03592474251459944,1.0000002018240182
370,0.15864814236128047,0.0004983035009403317,0.000750583523692626,0.8041784299235053,5.4761583605431356e-05,6.592917927926625e-05,6.680375002480754e-05,0.03592474251459944,1.0000002018240182
371,0.15858248228069213,0.0004978325782311941,0.0007496416782743509,0.8042455700468938,5.4761583605431356e-05,6.58619046065323e-05,6.680375002480754e-05,0.03592474251459944,1.0000002690986909
372,0.15851688947477655,0.0004974289301947904,0.0007489689315470113,0.8043119701488822,5.4761583605431356e-05,6.58619046065323e-05,6.653465133387175e-05,0.03592474251459944,1.0
373,0.15845149849287915,0.0004970252821583868,0.0007481616354742041,0.8043788411735797,5.4761583605431356e-05,6.572735526106441e-05,6.653465133387175e-05,0.03592474251459944,1.0000002690986909
374,0.1583857711376181,0.0004966216341219832,0.0007473543394013967,0.8044456449236046,5.4761583605431356e-05,6.572735526106441e-05,6.646737666113781e-05,0.03592474251459944,1.0000001345493454
375,0.1583205819797389,0.0004959488873946436,0.0007466143180013233,0.8045123141242839,5.4492484914495574e-05,6.572735526106441e-05,6.646737666113781e-05,0.03592474251459944,1.0000002018240182
376,0.1582553928218597,0.0004953434153400382,0.0007459415712739838,0.8045787815009451,5.442521024176163e-05,6.572735526106441e-05,6.633282731566992e-05,0.03592474251459944,1.0000002018240182
377,0.15819047276267142,0.0004946706686126987,0.0007453360992193784,0.8046449797789152,5.442521024176163e-05,6.539098189739469e-05,6.606372862473414e-05,0.03592474251459944,1.0000002018240182
378,0.1581249472314286,0.0004941997459035611,0.0007446633524920389,0.8047113798809037,5.435793556902768e-05,6.539098189739469e-05,6.606372862473414e-05,0.03592474251459944,0.9999999327253273
379,0.15805989262289485,0.0004937960978671574,0.0007443269791283691,0.8047772417855101,5.435793556902768e-05,6.539098189739469e-05,6.579462993379836e-05,0.03592474251459944,1.0
380,0.15799483801436112,0.0004933924498307537,0.0007439906057646994,0.8048431036901167,5.435793556902768e-05,6.539098189739469e-05,6.572735526106441e-05,0.03592474251459944,1.0000000672746727
381,0.15792971613115467,0.0004929215271216161,0.0007435869577282957,0.804909032869396,5.435793556902768e-05,6.532370722466074e-05,6.572735526106441e-05,0.03592474251459944,1.0
382,0.15786506517065735,0.0004922487803942767,0.0007430487603464242,0.804975029323348,5.40888368780919e-05,6.532370722466074e-05,6.572735526106441e-05,0.03592474251459944,1.0000001345493454
383,0.1578002123861418,0.0004913742096487354,0.0007426451123100206,0.8050410257773,5.395428753262401e-05,6.532370722466074e-05,6.572735526106441e-05,0.03592474251459944,1.0
384,0.1577357632496627,0.0004909032869395977,0.000742039640255415,0.8051067531325611,5.395428753262401e-05,6.505460853372496e-05,6.566008058833047e-05,0.03592474251459944,1.0000002018240182
385,0.15767097773981992,0.0004904323642304602,0.0007413668935280756,0.8051726823118404,5.395428753262401e-05,6.505460853372496e-05,6.566008058833047e-05,0.03592474251459944,1.0000002018240184
386,0.1576063267793226,0.0004899614415213226,0.0007406941468007361,0.8052385442164468,5.395428753262401e-05,6.492005918825707e-05,6.566008058833047e-05,0.03592474251459944,1.0000002690986909
387,0.15754167581882528,0.0004895577934849189,0.0007402232240915985,0.8053036660996533,5.3752463514422173e-05,6.492005918825707e-05,6.532370722466074e-05,0.03592474251459944,0.9999998654506546
388,0.15747709213300068,0.0004892214201212492,0.0007398195760551948,0.8053695952789326,5.3752463514422173e-05,6.492005918825707e-05,6.532370722466074e-05,0.03592474251459944,1.0000004709227093
389,0.1574125084471761,0.0004888177720848455,0.0007394159280187911,0.805434717162139,5.3752463514422173e-05,6.492005918825707e-05,6.532370722466074e-05,0.03592474251459944,1.0000002018240182
390,0.15734819386004245,0.0004884141240484418,0.0007387431812914517,0.8055004445174001,5.3752463514422173e-05,6.465096049732129e-05,6.532370722466074e-05,0.03592474251459944,1.000000538197382
391,0.15728401382225426,0.0004876741026483684,0.0007381377092368462,0.8055656336752793,5.328154080528456e-05,6.465096049732129e-05,6.518915787919285e-05,0.03592474251459944,1.0000002018240182
392,0.1572199010591388,0.0004870686305937629,0.0007375995118549747,0.8056314283052131,5.328154080528456e-05,6.465096049732129e-05,6.518915787919285e-05,0.03592474251459944,1.0000007400214002
393,0.1571556537466779,0.0004865304332118913,0.0007375322371822407,0.8056960119910377,5.328154080528456e-05,6.465096049732129e-05,6.478550984278919e-05,0.03592474251459944,1.0000004709227093
394,0.15709160825823518,0.00048605951050275373,0.0007369940398003691,0.8057609320502259,5.328154080528456e-05,6.424731246091762e-05,6.478550984278919e-05,0.03592474251459944,1.0000003363733636
395,0.15702789914315612,0.0004854540384481482,0.0007365231170912316,0.8058257848347414,5.328154080528456e-05,6.424731246091762e-05,6.478550984278919e-05,0.03592474251459944,1.0000004036480363
396,0.1569638536547134,0.0004849831157390106,0.00073598491970936,0.8058906376192569,5.328154080528456e-05,6.424731246091762e-05,6.471823517005524e-05,0.03592474251459944,1.0000002018240182
397,0.15690014453963436,0.000484512193029873,0.0007354467223274884,0.805955355854427,5.321426613255062e-05,6.411276311544974e-05,6.465096049732129e-05,0.03592474251459944,1.0000002018240182
398,0.15683643542455533,0.0004841085449934693,0.0007349085249456169,0.8060202086389425,5.321426613255062e-05,6.411276311544974e-05,6.465096049732129e-05,0.03592474251459944,1.0000004036480363
399,0.1567725917601308,0.00048357034761159777,0.0007345048769092132,0.8060849941487853,5.321426613255062e-05,6.411276311544974e-05,6.45164111518534e-05,0.03592474251459944,1.0000004036480363
400,0.15670861354636081,0.000483233974247928,0.0007340339542000755,0.8061495778346099,5.321426613255062e-05,6.411276311544974e-05,6.45164111518534e-05,0.03592474251459944,1.0000002018240182
401,0.15664476988193632,0.0004827630515387904,0.0007337648555091398,0.8062144978937982,5.321426613255062e-05,6.411276311544974e-05,6.438186180638551e-05,0.03592474251459944,1.000000538197382
402,0.1565809262175118,0.00048235940350238674,0.0007337648555091398,0.8062786106569136,5.321426613255062e-05,6.411276311544974e-05,6.411276311544974e-05,0.03592474251459944,1.0000004036480363
403,0.15651701527841455,0.0004818212061205152,0.0007337648555091398,0.8063427234200291,5.321426613255062e-05,6.411276311544974e-05,6.411276311544974e-05,0.03592474251459944,1.0000000672746727
404,0.15645323888866278,0.00048148483275684543,0.0007337648555091398,0.8064070380071627,5.321426613255062e-05,6.411276311544974e-05,6.411276311544974e-05,0.03592474251459944,1.0000002690986909
405,0.15638952977358372,0.00048148483275684543,0.0007334284821454701,0.8064711507702782,5.321426613255062e-05,6.377638975178e-05,6.411276311544974e-05,0.03592474251459944,1.0000003363733636
406,0.15632582065850467,0.0004812157340659097,0.0007330248341090664,0.80653566718143,5.2945167441614836e-05,6.377638975178e-05,6.411276311544974e-05,0.03592474251459944,1.000000470922709
407,0.15626211154342565,0.00048087936070223997,0.0007326211860726627,0.8065997799445455,5.281061809614694e-05,6.377638975178e-05,6.411276311544974e-05,0.03592474251459944,1.0000001345493454
408,0.15619880607638298,0.0004804757126658363,0.0007322175380362591,0.8066642963556974,5.281061809614694e-05,6.377638975178e-05,6.411276311544974e-05,0.03592474251459944,1.000000538197382
409,0.15613550060934034,0.0004800720646294326,0.0007316793406543875,0.8067284091188128,5.281061809614694e-05,6.344001638811027e-05,6.404548844271579e-05,0.03592474251459944,1.0000004036480366
410,0.15607192604360676,0.00048000478995669865,0.000731006593927048,0.8067923873325827,5.281061809614694e-05,6.337274171537634e-05,6.404548844271579e-05,0.03592474251459944,1.0000000672746727
411,0.15600848602721867,0.0004799375152839647,0.0007304011218724425,0.8068566346450436,5.281061809614694e-05,6.337274171537634e-05,6.404548844271579e-05,0.03592474251459944,1.0000002018240182
412,0.15594511328550328,0.0004798029659384968,0.0007299974738360388,0.806920545584141,5.2743343423413e-05,6.337274171537634e-05,6.377638975178e-05,0.03592474251459944,1.0000002018240182
413,0.15588180781846064,0.000479601141920295,0.0007296611004723691,0.8069845910725837,5.2743343423413e-05,6.337274171537634e-05,6.377638975178e-05,0.03592474251459944,1.0000004036480366
414,0.15581843507674525,0.0004794665925748271,0.0007293247271086994,0.8070483674623354,5.2743343423413e-05,6.337274171537634e-05,6.377638975178e-05,0.03592474251459944,1.0000003363733636
415,0.1557554659830663,0.00047906294453842343,0.0007292574524359654,0.8071118074787236,5.2474244732477217e-05,6.330546704264238e-05,6.337274171537634e-05,0.03592474251459944,1.0000003363733638
416,0.15569242961471458,0.00047865929650201975,0.0007291901777632315,0.8071753820444572,5.2474244732477217e-05,6.330546704264238e-05,6.337274171537634e-05,0.03592474251459944,1.0000004036480366
417,0.15562952779570835,0.00047805382444741424,0.0007290556284177636,0.8072388220608452,5.233969538700933e-05,6.330546704264238e-05,6.337274171537634e-05,0.03592474251459944,1.0000002018240182
418,0.15556669325137484,0.00047758290173827665,0.0007289883537450297,0.8073020602532152,5.233969538700933e-05,6.330546704264238e-05,6.337274171537634e-05,0.03592474251459944,1.0000000672746727
419,0.15550372415769587,0.00047704470435640505,0.0007289210790722957,0.8073658366429669,5.233969538700933e-05,6.330546704264238e-05,6.337274171537634e-05,0.03592474251459944,1.0000002690986909
420,0.1554409568880351,0.00047643923230179954,0.0007287865297268279,0.8074293439340278,5.233969538700933e-05,6.31709176971745e-05,6.330546704264238e-05,0.03592474251459944,1.0000002690986909
421,0.15537818961837432,0.000475901034919928,0.000728584705708626,0.8074926494010705,5.233969538700933e-05,6.310364302444055e-05,6.330546704264238e-05,0.03592474251459944,1.0000000672746727
422,0.15531508597534988,0.0004757664855744601,0.000728450156363158,0.8075560221427858,5.233969538700933e-05,6.310364302444055e-05,6.330546704264238e-05,0.03592474251459944,1.0000000672746727
423,0.15525198233232546,0.00047569921090172615,0.0007283828816904242,0.8076194621591739,5.233969538700933e-05,6.310364302444055e-05,6.31709176971745e-05,0.03592474251459944,1.0000002690986909
424,0.15518860959061007,0.00047563193622899224,0.0007282483323449563,0.807682902175562,5.233969538700933e-05,6.310364302444055e-05,6.31709176971745e-05,0.03592474251459944,1.0000001345493454
425,0.15512550594758562,0.0004755646615562583,0.0007282483323449563,0.8077462749172774,5.233969538700933e-05,6.310364302444055e-05,6.310364302444055e-05,0.03592474251459944,1.0000003363733636
426,0.15506233502988845,0.0004755646615562583,0.0007281810576722223,0.807809311285629,5.233969538700933e-05,6.303636835170661e-05,6.310364302444055e-05,0.03592474251459944,1.0000001345493454
427,0.1549989622881731,0.0004755646615562583,0.0007281137829994883,0.8078726840273445,5.233969538700933e-05,6.303636835170661e-05,6.310364302444055e-05,0.03592474251459944,1.0000000672746727
428,0.15493579137047592,0.0004755646615562583,0.0007280465083267545,0.8079357876703689,5.233969538700933e-05,6.303636835170661e-05,6.310364302444055e-05,0.03592474251459944,0.9999999327253273
429,0.1548727550021242,0.0004755646615562583,0.0007279792336540205,0.8079991604120843,5.233969538700933e-05,6.303636835170661e-05,6.310364302444055e-05,0.03592474251459944,1.0000002018240182
430,0.1548095168097543,0.0004755646615562583,0.0007279792336540205,0.8080623986044542,5.233969538700933e-05,6.303636835170661e-05,6.303636835170661e-05,0.03592474251459944,1.0000002018240182
431,0.15474648044140257,0.0004755646615562583,0.0007279792336540205,0.8081255022474786,5.233969538700933e-05,6.303636835170661e-05,6.303636835170661e-05,0.03592474251459944,1.0000002690986909
432,0.1546831076996872,0.0004755646615562583,0.0007279792336540205,0.8081889422638667,5.233969538700933e-05,6.303636835170661e-05,6.303636835170661e-05,0.03592474251459944,1.0000003363733636
433,0.1546200713313355,0.0004755646615562583,0.0007279792336540205,0.8082519113575457,5.233969538700933e-05,6.303636835170661e-05,6.303636835170661e-05,0.03592474251459944,1.0000002690986909
434,0.15455669858962012,0.0004755646615562583,0.0007279792336540205,0.8083150150005701,5.233969538700933e-05,6.303636835170661e-05,6.303636835170661e-05,0.03592474251459944,1.0
435,0.15449359494659567,0.0004755646615562583,0.0007279792336540205,0.8083781186435945,5.233969538700933e-05,6.303636835170661e-05,6.303636835170661e-05,0.03592474251459944,1.0
436,0.15443129859964405,0.0004748246401561849,0.0007279792336540205,0.80844149138531,5.159967398693593e-05,6.303636835170661e-05,6.303636835170661e-05,0.03592474251459944,1.0000003363733636
437,0.1543687331540015,0.0004741518934288454,0.0007279792336540205,0.8085047295776798,5.159967398693593e-05,6.303636835170661e-05,6.303636835170661e-05,0.03592474251459944,1.0000003363733636
438,0.15430670590574078,0.00047300822399236835,0.0007279792336540205,0.8085678332207044,5.12633006232662e-05,6.303636835170661e-05,6.303636835170661e-05,0.03592474251459944,1.000000269098691
439,0.1542452841295347,0.00047199910390135916,0.0007272392122539471,0.8086310714130742,5.12633006232662e-05,6.236362162436716e-05,6.303636835170661e-05,0.03592474251459944,1.0000003363733636
440,0.1541838623533286,0.0004708554344648821,0.0007264991908538737,0.8086941077814259,5.12633006232662e-05,6.236362162436716e-05,6.303636835170661e-05,0.03592474251459944,1.0000000672746727
441,0.15412244057712252,0.000469779039701139,0.0007258264441265342,0.8087574805231413,5.12633006232662e-05,6.236362162436716e-05,6.303636835170661e-05,0.03592474251459944,1.0000002690986909
442,0.15406088425157094,0.0004693753916647353,0.0007254227960901305,0.8088198441447657,5.12633006232662e-05,6.195997358796348e-05,6.236362162436716e-05,0.03592474251459944,1.0000002690986909
443,0.15399899155265573,0.0004691735676465335,0.0007250191480537269,0.8088822077663901,5.106147660506437e-05,6.195997358796348e-05,6.236362162436716e-05,0.03592474251459944,1.0000001345493454
444,0.15393696430439502,0.00046897174362833165,0.0007246155000173232,0.8089449077613781,5.106147660506437e-05,6.195997358796348e-05,6.236362162436716e-05,0.03592474251459944,1.0000002018240182
445,0.15387513888015253,0.00046870264493739585,0.0007242118519809195,0.8090072041083297,5.106147660506437e-05,6.195997358796348e-05,6.236362162436716e-05,0.03592474251459944,1.0
446,0.15381338073058276,0.00046850082091919406,0.0007238082039445158,0.8090699041033178,5.106147660506437e-05,6.195997358796348e-05,6.236362162436716e-05,0.03592474251459944,1.0000003363733638
447,0.15375135348232208,0.00046836627157372613,0.0007234718305808461,0.8091321331755966,5.092692725959648e-05,6.195997358796348e-05,6.236362162436716e-05,0.03592474251459944,1.0000000672746727
448,0.1536893935087341,0.0004682989969009922,0.0007230681825444424,0.809194765895912,5.092692725959648e-05,6.195997358796348e-05,6.236362162436716e-05,0.03592474251459944,1.0000002690986909
449,0.15362743353514613,0.0004681644475555243,0.0007226645345080388,0.8092573986162273,5.092692725959648e-05,6.195997358796348e-05,6.236362162436716e-05,0.03592474251459944,1.0000004036480363
450,0.15356554083623092,0.0004680298982100564,0.0007221263371261673,0.8093198295125243,5.092692725959648e-05,6.189269891522953e-05,6.236362162436716e-05,0.03592474251459944,1.0000002690986909
451,0.1535037154119884,0.00046796262353732246,0.0007215881397442957,0.8093821931341487,5.092692725959648e-05,6.189269891522953e-05,6.236362162436716e-05,0.03592474251459944,1.0000002018240182
452,0.15344168816372772,0.0004678280741918546,0.000721117217035158,0.8094449604038095,5.092692725959648e-05,6.189269891522953e-05,6.236362162436716e-05,0.03592474251459944,1.0000003363733638
453,0.1533799972888307,0.0004678280741918546,0.0007207135689987544,0.8095070549267429,5.092692725959648e-05,6.189269891522953e-05,6.229634695163321e-05,0.03592474251459944,1.0000003363733636
454,0.15331770094187905,0.0004678280741918546,0.0007207135689987544,0.8095690821750037,5.092692725959648e-05,6.189269891522953e-05,6.189269891522953e-05,0.03592474251459944,1.0000000672746727
455,0.15325607734165475,0.0004678280741918546,0.0007207135689987544,0.8096310421485916,5.092692725959648e-05,6.189269891522953e-05,6.189269891522953e-05,0.03592474251459944,1.0000004036480363
456,0.15319384826937588,0.0004678280741918546,0.0007207135689987544,0.8096929348475068,5.092692725959648e-05,6.189269891522953e-05,6.189269891522953e-05,0.03592474251459944,1.0000000672746727
457,0.15313195557046064,0.0004678280741918546,0.0007207135689987544,0.8097550293704402,5.092692725959648e-05,6.189269891522953e-05,6.189269891522953e-05,0.03592474251459944,1.0000002690986909
458,0.15306999559687268,0.0004678280741918546,0.0007207135689987544,0.8098169893440282,5.092692725959648e-05,6.189269891522953e-05,6.189269891522953e-05,0.03592474251459944,1.0000002690986909
459,0.1530081701726302,0.0004678280741918546,0.0007207135689987544,0.8098788147682707,5.092692725959648e-05,6.189269891522953e-05,6.189269891522953e-05,0.03592474251459944,1.0000002690986909
460,0.15294614292436948,0.0004678280741918546,0.0007207135689987544,0.8099410438405497,5.092692725959648e-05,6.189269891522953e-05,6.189269891522953e-05,0.03592474251459944,1.0000004709227093
461,0.15288418295078152,0.0004678280741918546,0.0007207135689987544,0.8100028692647921,5.092692725959648e-05,6.189269891522953e-05,6.189269891522953e-05,0.03592474251459944,1.0000003363733638
462,0.15282208842784809,0.0004678280741918546,0.0007207135689987544,0.8100649637877255,5.092692725959648e-05,6.189269891522953e-05,6.189269891522953e-05,0.03592474251459944,1.0000003363733636
463,0.1527604648276238,0.0004678280741918546,0.0007207135689987544,0.8101266546626226,5.092692725959648e-05,6.189269891522953e-05,6.189269891522953e-05,0.03592474251459944,1.0000004036480363
464,0.15269810120599941,0.0004678280741918546,0.0007207135689987544,0.8101886819108832,5.092692725959648e-05,6.189269891522953e-05,6.189269891522953e-05,0.03592474251459944,1.0000000672746727
465,0.15263607395773873,0.0004678280741918546,0.0007207135689987544,0.810250709159144,5.092692725959648e-05,6.189269891522953e-05,6.189269891522953e-05,0.03592474251459944,1.0000000672746727
466,0.15257424853349622,0.0004678280741918546,0.0007207135689987544,0.8103126691327319,5.092692725959648e-05,6.189269891522953e-05,6.189269891522953e-05,0.03592474251459944,1.0000002018240182
467,0.15251228855990825,0.0004678280741918546,0.0007207135689987544,0.8103746291063199,5.092692725959648e-05,6.189269891522953e-05,6.189269891522953e-05,0.03592474251459944,1.0000002018240182
468,0.15245026131164757,0.0004678280741918546,0.0007207135689987544,0.8104365890799079,5.092692725959648e-05,6.189269891522953e-05,6.189269891522953e-05,0.03592474251459944,1.0000001345493454
469,0.1523883013380596,0.0004678280741918546,0.0007207135689987544,0.8104985490534958,5.092692725959648e-05,6.189269891522953e-05,6.189269891522953e-05,0.03592474251459944,1.0000001345493454
470,0.1523262740897989,0.0004678280741918546,0.0007207135689987544,0.8105608454004475,5.092692725959648e-05,6.189269891522953e-05,6.189269891522953e-05,0.03592474251459944,1.0000004036480366
471,0.15226451594022913,0.0004678280741918546,0.0007207135689987544,0.8106224690006717,5.092692725959648e-05,6.189269891522953e-05,6.189269891522953e-05,0.03592474251459944,1.0000002690986909
472,0.1522022195932775,0.0004678280741918546,0.0007207135689987544,0.8106844289742597,5.092692725959648e-05,6.189269891522953e-05,6.189269891522953e-05,0.03592474251459944,0.9999999327253273
473,0.15214032689436227,0.0004678280741918546,0.0007207135689987544,0.810746321673175,5.092692725959648e-05,6.189269891522953e-05,6.189269891522953e-05,0.03592474251459944,0.9999999327253273
474,0.15207843419544706,0.0004678280741918546,0.0007207135689987544,0.8108085507454539,5.092692725959648e-05,6.189269891522953e-05,6.189269891522953e-05,0.03592474251459944,1.000000269098691
475,0.1520164742218591,0.0004678280741918546,0.0007207135689987544,0.8108705107190418,5.092692725959648e-05,6.189269891522953e-05,6.189269891522953e-05,0.03592474251459944,1.0000002690986909
476,0.15195451424827114,0.0004678280741918546,0.0007207135689987544,0.8109324706926297,5.092692725959648e-05,6.189269891522953e-05,6.189269891522953e-05,0.03592474251459944,1.0000002690986909
477,0.1518924197253377,0.0004678280741918546,0.0007207135689987544,0.8109944306662177,5.092692725959648e-05,6.189269891522953e-05,6.189269891522953e-05,0.03592474251459944,1.0000001345493454
478,0.15183045975174972,0.0004678280741918546,0.0007207135689987544,0.811056323365133,5.092692725959648e-05,6.189269891522953e-05,6.189269891522953e-05,0.03592474251459944,1.0000000672746727
479,0.15176870160217998,0.0004678280741918546,0.0007207135689987544,0.8111184178880664,5.092692725959648e-05,6.189269891522953e-05,6.189269891522953e-05,0.03592474251459944,1.0000004036480363
480,0.15170680890326474,0.0004678280741918546,0.0007207135689987544,0.8111803105869816,5.092692725959648e-05,6.189269891522953e-05,6.189269891522953e-05,0.03592474251459944,1.0000004036480363
481,0.1516449162043495,0.0004678280741918546,0.0007207135689987544,0.8112421360112241,5.092692725959648e-05,6.189269891522953e-05,6.189269891522953e-05,0.03592474251459944,1.0000003363733636
482,0.1515826871320706,0.0004678280741918546,0.0007207135689987544,0.8113042305341576,5.092692725959648e-05,6.189269891522953e-05,6.189269891522953e-05,0.03592474251459944,1.0000002018240182
483,0.1515207944331554,0.0004678280741918546,0.0007207135689987544,0.8113661905077455,5.092692725959648e-05,6.189269891522953e-05,6.189269891522953e-05,0.03592474251459944,1.0000002690986909
484,0.15145883445956743,0.0004678280741918546,0.0007207135689987544,0.8114280832066607,5.092692725959648e-05,6.189269891522953e-05,6.189269891522953e-05,0.03592474251459944,1.0000002018240182
485,0.15139667266196125,0.0004678280741918546,0.0007207135689987544,0.8114900431802486,5.092692725959648e-05,6.189269891522953e-05,6.189269891522953e-05,0.03592474251459944,0.9999999999999999
486,0.15133491451239148,0.0004678280741918546,0.0007207135689987544,0.8115521377031821,5.092692725959648e-05,6.189269891522953e-05,6.189269891522953e-05,0.03592474251459944,1.0000003363733636
487,0.151273089088149,0.0004678280741918546,0.0007207135689987544,0.8116140976767701,5.092692725959648e-05,6.189269891522953e-05,6.189269891522953e-05,0.03592474251459944,1.000000470922709
488,0.15121086001587009,0.0004678280741918546,0.0007207135689987544,0.8116761249250308,5.092692725959648e-05,6.189269891522953e-05,6.189269891522953e-05,0.03592474251459944,1.0000002690986909
489,0.15114890004228212,0.0004678280741918546,0.0007207135689987544,0.8117380848986188,5.092692725959648e-05,6.189269891522953e-05,6.189269891522953e-05,0.03592474251459944,1.0000002690986909
490,0.15108694006869416,0.0004678280741918546,0.0007207135689987544,0.811799977597534,5.092692725959648e-05,6.189269891522953e-05,6.189269891522953e-05,0.03592474251459944,1.0000002018240182
491,0.15102511464445167,0.0004678280741918546,0.0007207135689987544,0.8118619375711219,5.092692725959648e-05,6.189269891522953e-05,6.189269891522953e-05,0.03592474251459944,1.0000003363733636
492,0.15096315467086371,0.0004678280741918546,0.0007207135689987544,0.8119238302700372,5.092692725959648e-05,6.189269891522953e-05,6.189269891522953e-05,0.03592474251459944,1.000000269098691
493,0.15090200199334855,0.0004669535034463133,0.0007207135689987544,0.8119859920676433,5.011963118678914e-05,6.189269891522953e-05,6.189269891522953e-05,0.03592474251459944,1.0000004036480363
494,0.1508406474918152,0.000466146207373506,0.0007207135689987544,0.8120478847665585,5.011963118678914e-05,6.189269891522953e-05,6.189269891522953e-05,0.03592474251459944,1.0000001345493454
495,0.15077956208897278,0.0004653389113006986,0.0007207135689987544,0.8121098447401466,5.011963118678914e-05,6.189269891522953e-05,6.189269891522953e-05,0.03592474251459944,1.0000002018240184
496,0.15071840941145762,0.00046453161522789127,0.0007207135689987544,0.8121716701643891,5.011963118678914e-05,6.189269891522953e-05,6.189269891522953e-05,0.03592474251459944,1.0000000672746727
497,0.15065799675534253,0.00046365704448235,0.0007199062729259471,0.8122336974126497,5.011963118678914e-05,6.10854028424222e-05,6.189269891522953e-05,0.03592474251459944,1.0
498,0.15059704590184558,0.00046365704448235,0.0007190989768531398,0.8122957919355831,5.011963118678914e-05,6.10854028424222e-05,6.189269891522953e-05,0.03592474251459944,1.0000003363733636
499,0.15053589322433042,0.00046365704448235,0.0007182916807803324,0.8123578864585166,5.011963118678914e-05,6.10854028424222e-05,6.189269891522953e-05,0.03592474251459944,1.000000470922709
